// @generated
// This file is @generated by prost-build.
#[derive(Clone, PartialEq, Eq, Hash, ::prost::Message)]
pub struct AutomationTriggerRunNameMatch {
    #[prost(enumeration="AutomationTriggerRunNameMatchKind", tag="1")]
    pub kind: i32,
    #[prost(string, tag="2")]
    pub value: ::prost::alloc::string::String,
}
#[derive(Clone, PartialEq, Eq, Hash, ::prost::Message)]
pub struct AutomationTriggerMetadataMatch {
    #[prost(string, tag="1")]
    pub key: ::prost::alloc::string::String,
    #[prost(string, tag="2")]
    pub value: ::prost::alloc::string::String,
}
#[derive(Clone, PartialEq, ::prost::Message)]
pub struct AutomationTriggerMatchFilter {
    #[prost(string, repeated, tag="1")]
    pub asset_ids: ::prost::alloc::vec::Vec<::prost::alloc::string::String>,
    #[prost(message, optional, tag="2")]
    pub name_match: ::core::option::Option<AutomationTriggerRunNameMatch>,
    #[prost(message, repeated, tag="3")]
    pub metadata_matches: ::prost::alloc::vec::Vec<AutomationTriggerMetadataMatch>,
}
#[derive(Clone, PartialEq, ::prost::Message)]
pub struct AutomationTriggerParamValue {
    #[prost(oneof="automation_trigger_param_value::Value", tags="1, 2")]
    pub value: ::core::option::Option<automation_trigger_param_value::Value>,
}
/// Nested message and enum types in `AutomationTriggerParamValue`.
pub mod automation_trigger_param_value {
    #[derive(Clone, PartialEq, ::prost::Oneof)]
    pub enum Value {
        #[prost(message, tag="1")]
        Literal(::pbjson_types::Value),
        #[prost(enumeration="super::AutomationTriggerParamSource", tag="2")]
        Source(i32),
    }
}
#[derive(Clone, PartialEq, ::prost::Message)]
pub struct CanvasEvaluationActionParams {
    #[prost(string, tag="1")]
    pub canvas_version_id: ::prost::alloc::string::String,
    #[prost(map="string, message", tag="2")]
    pub param_json: ::std::collections::HashMap<::prost::alloc::string::String, AutomationTriggerParamValue>,
}
#[derive(Clone, PartialEq, ::prost::Message)]
pub struct AutomationTriggerActionParams {
    #[prost(oneof="automation_trigger_action_params::Kind", tags="1")]
    pub kind: ::core::option::Option<automation_trigger_action_params::Kind>,
}
/// Nested message and enum types in `AutomationTriggerActionParams`.
pub mod automation_trigger_action_params {
    #[derive(Clone, PartialEq, ::prost::Oneof)]
    pub enum Kind {
        #[prost(message, tag="1")]
        CanvasEvaluation(super::CanvasEvaluationActionParams),
    }
}
#[derive(Clone, PartialEq, ::prost::Message)]
pub struct AutomationTrigger {
    #[prost(string, tag="1")]
    pub automation_trigger_id: ::prost::alloc::string::String,
    #[prost(string, tag="2")]
    pub organization_id: ::prost::alloc::string::String,
    #[prost(string, tag="3")]
    pub canvas_id: ::prost::alloc::string::String,
    #[prost(string, tag="4")]
    pub name: ::prost::alloc::string::String,
    #[prost(message, optional, tag="5")]
    pub match_filter: ::core::option::Option<AutomationTriggerMatchFilter>,
    #[prost(string, tag="6")]
    pub user_id: ::prost::alloc::string::String,
    #[prost(enumeration="AutomationTriggerActionKind", tag="7")]
    pub action_kind: i32,
    #[prost(message, optional, tag="8")]
    pub action_params: ::core::option::Option<AutomationTriggerActionParams>,
    #[prost(bool, tag="9")]
    pub is_enabled: bool,
    #[prost(message, optional, tag="10")]
    pub archived_date: ::core::option::Option<::pbjson_types::Timestamp>,
    #[prost(bool, tag="11")]
    pub is_archived: bool,
    #[prost(message, optional, tag="12")]
    pub created_date: ::core::option::Option<::pbjson_types::Timestamp>,
    #[prost(message, optional, tag="13")]
    pub modified_date: ::core::option::Option<::pbjson_types::Timestamp>,
    #[prost(string, tag="14")]
    pub created_by_user_id: ::prost::alloc::string::String,
    #[prost(string, tag="15")]
    pub modified_by_user_id: ::prost::alloc::string::String,
    #[prost(bool, tag="16")]
    pub email_notifications_enabled: bool,
    #[prost(string, repeated, tag="17")]
    pub notification_recipient_emails: ::prost::alloc::vec::Vec<::prost::alloc::string::String>,
}
#[derive(Clone, PartialEq, Eq, Hash, ::prost::Message)]
pub struct GetAutomationTriggerRequest {
    #[prost(string, tag="1")]
    pub automation_trigger_id: ::prost::alloc::string::String,
}
#[derive(Clone, PartialEq, ::prost::Message)]
pub struct GetAutomationTriggerResponse {
    #[prost(message, optional, tag="1")]
    pub automation_trigger: ::core::option::Option<AutomationTrigger>,
}
#[derive(Clone, PartialEq, ::prost::Message)]
pub struct CreateAutomationTriggerRequest {
    #[prost(string, tag="1")]
    pub canvas_id: ::prost::alloc::string::String,
    #[prost(string, tag="2")]
    pub name: ::prost::alloc::string::String,
    #[prost(message, optional, tag="3")]
    pub match_filter: ::core::option::Option<AutomationTriggerMatchFilter>,
    #[prost(enumeration="AutomationTriggerActionKind", tag="4")]
    pub action_kind: i32,
    #[prost(message, optional, tag="5")]
    pub action_params: ::core::option::Option<AutomationTriggerActionParams>,
    #[prost(bool, optional, tag="6")]
    pub is_enabled: ::core::option::Option<bool>,
    #[prost(bool, optional, tag="7")]
    pub email_notifications_enabled: ::core::option::Option<bool>,
    #[prost(string, repeated, tag="8")]
    pub notification_recipient_emails: ::prost::alloc::vec::Vec<::prost::alloc::string::String>,
}
#[derive(Clone, PartialEq, ::prost::Message)]
pub struct CreateAutomationTriggerResponse {
    #[prost(message, optional, tag="1")]
    pub automation_trigger: ::core::option::Option<AutomationTrigger>,
}
#[derive(Clone, PartialEq, ::prost::Message)]
pub struct UpdateAutomationTriggerRequest {
    #[prost(message, optional, tag="1")]
    pub automation_trigger: ::core::option::Option<AutomationTrigger>,
    #[prost(message, optional, tag="2")]
    pub update_mask: ::core::option::Option<::pbjson_types::FieldMask>,
}
#[derive(Clone, PartialEq, ::prost::Message)]
pub struct UpdateAutomationTriggerResponse {
    #[prost(message, optional, tag="1")]
    pub automation_trigger: ::core::option::Option<AutomationTrigger>,
}
#[derive(Clone, PartialEq, Eq, Hash, ::prost::Message)]
pub struct ListAutomationTriggersRequest {
    #[prost(uint32, tag="1")]
    pub page_size: u32,
    #[prost(string, tag="2")]
    pub page_token: ::prost::alloc::string::String,
    #[prost(string, tag="3")]
    pub filter: ::prost::alloc::string::String,
    #[prost(string, tag="4")]
    pub order_by: ::prost::alloc::string::String,
}
#[derive(Clone, PartialEq, ::prost::Message)]
pub struct ListAutomationTriggersResponse {
    #[prost(message, repeated, tag="1")]
    pub automation_triggers: ::prost::alloc::vec::Vec<AutomationTrigger>,
    #[prost(string, tag="2")]
    pub next_page_token: ::prost::alloc::string::String,
}
#[derive(Clone, PartialEq, Eq, Hash, ::prost::Message)]
pub struct DeleteAutomationTriggerRequest {
    #[prost(string, tag="1")]
    pub automation_trigger_id: ::prost::alloc::string::String,
}
#[derive(Clone, Copy, PartialEq, Eq, Hash, ::prost::Message)]
pub struct DeleteAutomationTriggerResponse {
}
#[derive(Clone, PartialEq, Eq, Hash, ::prost::Message)]
pub struct AutomationTriggeredEvent {
    #[prost(string, tag="1")]
    pub automation_triggered_event_id: ::prost::alloc::string::String,
    #[prost(string, tag="2")]
    pub organization_id: ::prost::alloc::string::String,
    #[prost(string, tag="3")]
    pub automation_trigger_id: ::prost::alloc::string::String,
    #[prost(string, tag="4")]
    pub run_id: ::prost::alloc::string::String,
    #[prost(enumeration="AutomationTriggeredEventState", tag="5")]
    pub state: i32,
    #[prost(message, optional, tag="6")]
    pub dispatch_after: ::core::option::Option<::pbjson_types::Timestamp>,
    #[prost(string, optional, tag="7")]
    pub canvas_execution_id: ::core::option::Option<::prost::alloc::string::String>,
    #[prost(int32, tag="8")]
    pub attempt_count: i32,
    #[prost(string, optional, tag="9")]
    pub last_error: ::core::option::Option<::prost::alloc::string::String>,
    #[prost(message, optional, tag="10")]
    pub terminal_date: ::core::option::Option<::pbjson_types::Timestamp>,
    #[prost(message, optional, tag="11")]
    pub created_date: ::core::option::Option<::pbjson_types::Timestamp>,
    #[prost(message, optional, tag="12")]
    pub modified_date: ::core::option::Option<::pbjson_types::Timestamp>,
    #[prost(string, tag="13")]
    pub created_by_user_id: ::prost::alloc::string::String,
    #[prost(string, tag="14")]
    pub modified_by_user_id: ::prost::alloc::string::String,
}
#[derive(Clone, PartialEq, Eq, Hash, ::prost::Message)]
pub struct ListAutomationTriggeredEventsRequest {
    #[prost(uint32, tag="1")]
    pub page_size: u32,
    #[prost(string, tag="2")]
    pub page_token: ::prost::alloc::string::String,
    #[prost(string, tag="3")]
    pub filter: ::prost::alloc::string::String,
    #[prost(string, tag="4")]
    pub order_by: ::prost::alloc::string::String,
}
#[derive(Clone, PartialEq, ::prost::Message)]
pub struct ListAutomationTriggeredEventsResponse {
    #[prost(message, repeated, tag="1")]
    pub automation_triggered_events: ::prost::alloc::vec::Vec<AutomationTriggeredEvent>,
    #[prost(string, tag="2")]
    pub next_page_token: ::prost::alloc::string::String,
}
#[derive(Clone, Copy, Debug, PartialEq, Eq, Hash, PartialOrd, Ord, ::prost::Enumeration)]
#[repr(i32)]
pub enum AutomationTriggerActionKind {
    Unspecified = 0,
    CanvasEvaluation = 1,
}
impl AutomationTriggerActionKind {
    /// String value of the enum field names used in the ProtoBuf definition.
    ///
    /// The values are not transformed in any way and thus are considered stable
    /// (if the ProtoBuf definition does not change) and safe for programmatic use.
    pub fn as_str_name(&self) -> &'static str {
        match self {
            Self::Unspecified => "AUTOMATION_TRIGGER_ACTION_KIND_UNSPECIFIED",
            Self::CanvasEvaluation => "AUTOMATION_TRIGGER_ACTION_KIND_CANVAS_EVALUATION",
        }
    }
    /// Creates an enum from field names used in the ProtoBuf definition.
    pub fn from_str_name(value: &str) -> ::core::option::Option<Self> {
        match value {
            "AUTOMATION_TRIGGER_ACTION_KIND_UNSPECIFIED" => Some(Self::Unspecified),
            "AUTOMATION_TRIGGER_ACTION_KIND_CANVAS_EVALUATION" => Some(Self::CanvasEvaluation),
            _ => None,
        }
    }
}
#[derive(Clone, Copy, Debug, PartialEq, Eq, Hash, PartialOrd, Ord, ::prost::Enumeration)]
#[repr(i32)]
pub enum AutomationTriggerRunNameMatchKind {
    Unspecified = 0,
    StartsWith = 1,
    EndsWith = 2,
    Contains = 3,
    Regex = 4,
}
impl AutomationTriggerRunNameMatchKind {
    /// String value of the enum field names used in the ProtoBuf definition.
    ///
    /// The values are not transformed in any way and thus are considered stable
    /// (if the ProtoBuf definition does not change) and safe for programmatic use.
    pub fn as_str_name(&self) -> &'static str {
        match self {
            Self::Unspecified => "AUTOMATION_TRIGGER_RUN_NAME_MATCH_KIND_UNSPECIFIED",
            Self::StartsWith => "AUTOMATION_TRIGGER_RUN_NAME_MATCH_KIND_STARTS_WITH",
            Self::EndsWith => "AUTOMATION_TRIGGER_RUN_NAME_MATCH_KIND_ENDS_WITH",
            Self::Contains => "AUTOMATION_TRIGGER_RUN_NAME_MATCH_KIND_CONTAINS",
            Self::Regex => "AUTOMATION_TRIGGER_RUN_NAME_MATCH_KIND_REGEX",
        }
    }
    /// Creates an enum from field names used in the ProtoBuf definition.
    pub fn from_str_name(value: &str) -> ::core::option::Option<Self> {
        match value {
            "AUTOMATION_TRIGGER_RUN_NAME_MATCH_KIND_UNSPECIFIED" => Some(Self::Unspecified),
            "AUTOMATION_TRIGGER_RUN_NAME_MATCH_KIND_STARTS_WITH" => Some(Self::StartsWith),
            "AUTOMATION_TRIGGER_RUN_NAME_MATCH_KIND_ENDS_WITH" => Some(Self::EndsWith),
            "AUTOMATION_TRIGGER_RUN_NAME_MATCH_KIND_CONTAINS" => Some(Self::Contains),
            "AUTOMATION_TRIGGER_RUN_NAME_MATCH_KIND_REGEX" => Some(Self::Regex),
            _ => None,
        }
    }
}
#[derive(Clone, Copy, Debug, PartialEq, Eq, Hash, PartialOrd, Ord, ::prost::Enumeration)]
#[repr(i32)]
pub enum AutomationTriggerParamSource {
    Unspecified = 0,
    TriggeringRun = 1,
    TriggeringRunAssets = 2,
}
impl AutomationTriggerParamSource {
    /// String value of the enum field names used in the ProtoBuf definition.
    ///
    /// The values are not transformed in any way and thus are considered stable
    /// (if the ProtoBuf definition does not change) and safe for programmatic use.
    pub fn as_str_name(&self) -> &'static str {
        match self {
            Self::Unspecified => "AUTOMATION_TRIGGER_PARAM_SOURCE_UNSPECIFIED",
            Self::TriggeringRun => "AUTOMATION_TRIGGER_PARAM_SOURCE_TRIGGERING_RUN",
            Self::TriggeringRunAssets => "AUTOMATION_TRIGGER_PARAM_SOURCE_TRIGGERING_RUN_ASSETS",
        }
    }
    /// Creates an enum from field names used in the ProtoBuf definition.
    pub fn from_str_name(value: &str) -> ::core::option::Option<Self> {
        match value {
            "AUTOMATION_TRIGGER_PARAM_SOURCE_UNSPECIFIED" => Some(Self::Unspecified),
            "AUTOMATION_TRIGGER_PARAM_SOURCE_TRIGGERING_RUN" => Some(Self::TriggeringRun),
            "AUTOMATION_TRIGGER_PARAM_SOURCE_TRIGGERING_RUN_ASSETS" => Some(Self::TriggeringRunAssets),
            _ => None,
        }
    }
}
#[derive(Clone, Copy, Debug, PartialEq, Eq, Hash, PartialOrd, Ord, ::prost::Enumeration)]
#[repr(i32)]
pub enum AutomationTriggeredEventState {
    Unspecified = 0,
    Waiting = 1,
    Dispatching = 2,
    Done = 3,
    Failed = 4,
    Cancelled = 5,
}
impl AutomationTriggeredEventState {
    /// String value of the enum field names used in the ProtoBuf definition.
    ///
    /// The values are not transformed in any way and thus are considered stable
    /// (if the ProtoBuf definition does not change) and safe for programmatic use.
    pub fn as_str_name(&self) -> &'static str {
        match self {
            Self::Unspecified => "AUTOMATION_TRIGGERED_EVENT_STATE_UNSPECIFIED",
            Self::Waiting => "AUTOMATION_TRIGGERED_EVENT_STATE_WAITING",
            Self::Dispatching => "AUTOMATION_TRIGGERED_EVENT_STATE_DISPATCHING",
            Self::Done => "AUTOMATION_TRIGGERED_EVENT_STATE_DONE",
            Self::Failed => "AUTOMATION_TRIGGERED_EVENT_STATE_FAILED",
            Self::Cancelled => "AUTOMATION_TRIGGERED_EVENT_STATE_CANCELLED",
        }
    }
    /// Creates an enum from field names used in the ProtoBuf definition.
    pub fn from_str_name(value: &str) -> ::core::option::Option<Self> {
        match value {
            "AUTOMATION_TRIGGERED_EVENT_STATE_UNSPECIFIED" => Some(Self::Unspecified),
            "AUTOMATION_TRIGGERED_EVENT_STATE_WAITING" => Some(Self::Waiting),
            "AUTOMATION_TRIGGERED_EVENT_STATE_DISPATCHING" => Some(Self::Dispatching),
            "AUTOMATION_TRIGGERED_EVENT_STATE_DONE" => Some(Self::Done),
            "AUTOMATION_TRIGGERED_EVENT_STATE_FAILED" => Some(Self::Failed),
            "AUTOMATION_TRIGGERED_EVENT_STATE_CANCELLED" => Some(Self::Cancelled),
            _ => None,
        }
    }
}
/// Encoded file descriptor set for the `sift.automation.v1` package
pub const FILE_DESCRIPTOR_SET: &[u8] = &[
    0x0a, 0xbb, 0xb7, 0x01, 0x0a, 0x23, 0x73, 0x69, 0x66, 0x74, 0x2f, 0x61, 0x75, 0x74, 0x6f, 0x6d,
    0x61, 0x74, 0x69, 0x6f, 0x6e, 0x2f, 0x76, 0x31, 0x2f, 0x61, 0x75, 0x74, 0x6f, 0x6d, 0x61, 0x74,
    0x69, 0x6f, 0x6e, 0x2e, 0x70, 0x72, 0x6f, 0x74, 0x6f, 0x12, 0x12, 0x73, 0x69, 0x66, 0x74, 0x2e,
    0x61, 0x75, 0x74, 0x6f, 0x6d, 0x61, 0x74, 0x69, 0x6f, 0x6e, 0x2e, 0x76, 0x31, 0x1a, 0x1c, 0x67,
    0x6f, 0x6f, 0x67, 0x6c, 0x65, 0x2f, 0x61, 0x70, 0x69, 0x2f, 0x61, 0x6e, 0x6e, 0x6f, 0x74, 0x61,
    0x74, 0x69, 0x6f, 0x6e, 0x73, 0x2e, 0x70, 0x72, 0x6f, 0x74, 0x6f, 0x1a, 0x1f, 0x67, 0x6f, 0x6f,
    0x67, 0x6c, 0x65, 0x2f, 0x61, 0x70, 0x69, 0x2f, 0x66, 0x69, 0x65, 0x6c, 0x64, 0x5f, 0x62, 0x65,
    0x68, 0x61, 0x76, 0x69, 0x6f, 0x72, 0x2e, 0x70, 0x72, 0x6f, 0x74, 0x6f, 0x1a, 0x20, 0x67, 0x6f,
    0x6f, 0x67, 0x6c, 0x65, 0x2f, 0x70, 0x72, 0x6f, 0x74, 0x6f, 0x62, 0x75, 0x66, 0x2f, 0x66, 0x69,
    0x65, 0x6c, 0x64, 0x5f, 0x6d, 0x61, 0x73, 0x6b, 0x2e, 0x70, 0x72, 0x6f, 0x74, 0x6f, 0x1a, 0x1c,
    0x67, 0x6f, 0x6f, 0x67, 0x6c, 0x65, 0x2f, 0x70, 0x72, 0x6f, 0x74, 0x6f, 0x62, 0x75, 0x66, 0x2f,
    0x73, 0x74, 0x72, 0x75, 0x63, 0x74, 0x2e, 0x70, 0x72, 0x6f, 0x74, 0x6f, 0x1a, 0x1f, 0x67, 0x6f,
    0x6f, 0x67, 0x6c, 0x65, 0x2f, 0x70, 0x72, 0x6f, 0x74, 0x6f, 0x62, 0x75, 0x66, 0x2f, 0x74, 0x69,
    0x6d, 0x65, 0x73, 0x74, 0x61, 0x6d, 0x70, 0x2e, 0x70, 0x72, 0x6f, 0x74, 0x6f, 0x1a, 0x2e, 0x70,
    0x72, 0x6f, 0x74, 0x6f, 0x63, 0x2d, 0x67, 0x65, 0x6e, 0x2d, 0x6f, 0x70, 0x65, 0x6e, 0x61, 0x70,
    0x69, 0x76, 0x32, 0x2f, 0x6f, 0x70, 0x74, 0x69, 0x6f, 0x6e, 0x73, 0x2f, 0x61, 0x6e, 0x6e, 0x6f,
    0x74, 0x61, 0x74, 0x69, 0x6f, 0x6e, 0x73, 0x2e, 0x70, 0x72, 0x6f, 0x74, 0x6f, 0x22, 0x8a, 0x01,
    0x0a, 0x1d, 0x41, 0x75, 0x74, 0x6f, 0x6d, 0x61, 0x74, 0x69, 0x6f, 0x6e, 0x54, 0x72, 0x69, 0x67,
    0x67, 0x65, 0x72, 0x52, 0x75, 0x6e, 0x4e, 0x61, 0x6d, 0x65, 0x4d, 0x61, 0x74, 0x63, 0x68, 0x12,
    0x4e, 0x0a, 0x04, 0x6b, 0x69, 0x6e, 0x64, 0x18, 0x01, 0x20, 0x01, 0x28, 0x0e, 0x32, 0x35, 0x2e,
    0x73, 0x69, 0x66, 0x74, 0x2e, 0x61, 0x75, 0x74, 0x6f, 0x6d, 0x61, 0x74, 0x69, 0x6f, 0x6e, 0x2e,
    0x76, 0x31, 0x2e, 0x41, 0x75, 0x74, 0x6f, 0x6d, 0x61, 0x74, 0x69, 0x6f, 0x6e, 0x54, 0x72, 0x69,
    0x67, 0x67, 0x65, 0x72, 0x52, 0x75, 0x6e, 0x4e, 0x61, 0x6d, 0x65, 0x4d, 0x61, 0x74, 0x63, 0x68,
    0x4b, 0x69, 0x6e, 0x64, 0x42, 0x03, 0xe0, 0x41, 0x02, 0x52, 0x04, 0x6b, 0x69, 0x6e, 0x64, 0x12,
    0x19, 0x0a, 0x05, 0x76, 0x61, 0x6c, 0x75, 0x65, 0x18, 0x02, 0x20, 0x01, 0x28, 0x09, 0x42, 0x03,
    0xe0, 0x41, 0x02, 0x52, 0x05, 0x76, 0x61, 0x6c, 0x75, 0x65, 0x22, 0x52, 0x0a, 0x1e, 0x41, 0x75,
    0x74, 0x6f, 0x6d, 0x61, 0x74, 0x69, 0x6f, 0x6e, 0x54, 0x72, 0x69, 0x67, 0x67, 0x65, 0x72, 0x4d,
    0x65, 0x74, 0x61, 0x64, 0x61, 0x74, 0x61, 0x4d, 0x61, 0x74, 0x63, 0x68, 0x12, 0x15, 0x0a, 0x03,
    0x6b, 0x65, 0x79, 0x18, 0x01, 0x20, 0x01, 0x28, 0x09, 0x42, 0x03, 0xe0, 0x41, 0x02, 0x52, 0x03,
    0x6b, 0x65, 0x79, 0x12, 0x19, 0x0a, 0x05, 0x76, 0x61, 0x6c, 0x75, 0x65, 0x18, 0x02, 0x20, 0x01,
    0x28, 0x09, 0x42, 0x03, 0xe0, 0x41, 0x02, 0x52, 0x05, 0x76, 0x61, 0x6c, 0x75, 0x65, 0x22, 0x8a,
    0x02, 0x0a, 0x1c, 0x41, 0x75, 0x74, 0x6f, 0x6d, 0x61, 0x74, 0x69, 0x6f, 0x6e, 0x54, 0x72, 0x69,
    0x67, 0x67, 0x65, 0x72, 0x4d, 0x61, 0x74, 0x63, 0x68, 0x46, 0x69, 0x6c, 0x74, 0x65, 0x72, 0x12,
    0x1b, 0x0a, 0x09, 0x61, 0x73, 0x73, 0x65, 0x74, 0x5f, 0x69, 0x64, 0x73, 0x18, 0x01, 0x20, 0x03,
    0x28, 0x09, 0x52, 0x08, 0x61, 0x73, 0x73, 0x65, 0x74, 0x49, 0x64, 0x73, 0x12, 0x5a, 0x0a, 0x0a,
    0x6e, 0x61, 0x6d, 0x65, 0x5f, 0x6d, 0x61, 0x74, 0x63, 0x68, 0x18, 0x02, 0x20, 0x01, 0x28, 0x0b,
    0x32, 0x31, 0x2e, 0x73, 0x69, 0x66, 0x74, 0x2e, 0x61, 0x75, 0x74, 0x6f, 0x6d, 0x61, 0x74, 0x69,
    0x6f, 0x6e, 0x2e, 0x76, 0x31, 0x2e, 0x41, 0x75, 0x74, 0x6f, 0x6d, 0x61, 0x74, 0x69, 0x6f, 0x6e,
    0x54, 0x72, 0x69, 0x67, 0x67, 0x65, 0x72, 0x52, 0x75, 0x6e, 0x4e, 0x61, 0x6d, 0x65, 0x4d, 0x61,
    0x74, 0x63, 0x68, 0x42, 0x03, 0xe0, 0x41, 0x01, 0x48, 0x00, 0x52, 0x09, 0x6e, 0x61, 0x6d, 0x65,
    0x4d, 0x61, 0x74, 0x63, 0x68, 0x88, 0x01, 0x01, 0x12, 0x62, 0x0a, 0x10, 0x6d, 0x65, 0x74, 0x61,
    0x64, 0x61, 0x74, 0x61, 0x5f, 0x6d, 0x61, 0x74, 0x63, 0x68, 0x65, 0x73, 0x18, 0x03, 0x20, 0x03,
    0x28, 0x0b, 0x32, 0x32, 0x2e, 0x73, 0x69, 0x66, 0x74, 0x2e, 0x61, 0x75, 0x74, 0x6f, 0x6d, 0x61,
    0x74, 0x69, 0x6f, 0x6e, 0x2e, 0x76, 0x31, 0x2e, 0x41, 0x75, 0x74, 0x6f, 0x6d, 0x61, 0x74, 0x69,
    0x6f, 0x6e, 0x54, 0x72, 0x69, 0x67, 0x67, 0x65, 0x72, 0x4d, 0x65, 0x74, 0x61, 0x64, 0x61, 0x74,
    0x61, 0x4d, 0x61, 0x74, 0x63, 0x68, 0x42, 0x03, 0xe0, 0x41, 0x01, 0x52, 0x0f, 0x6d, 0x65, 0x74,
    0x61, 0x64, 0x61, 0x74, 0x61, 0x4d, 0x61, 0x74, 0x63, 0x68, 0x65, 0x73, 0x42, 0x0d, 0x0a, 0x0b,
    0x5f, 0x6e, 0x61, 0x6d, 0x65, 0x5f, 0x6d, 0x61, 0x74, 0x63, 0x68, 0x22, 0xa6, 0x01, 0x0a, 0x1b,
    0x41, 0x75, 0x74, 0x6f, 0x6d, 0x61, 0x74, 0x69, 0x6f, 0x6e, 0x54, 0x72, 0x69, 0x67, 0x67, 0x65,
    0x72, 0x50, 0x61, 0x72, 0x61, 0x6d, 0x56, 0x61, 0x6c, 0x75, 0x65, 0x12, 0x32, 0x0a, 0x07, 0x6c,
    0x69, 0x74, 0x65, 0x72, 0x61, 0x6c, 0x18, 0x01, 0x20, 0x01, 0x28, 0x0b, 0x32, 0x16, 0x2e, 0x67,
    0x6f, 0x6f, 0x67, 0x6c, 0x65, 0x2e, 0x70, 0x72, 0x6f, 0x74, 0x6f, 0x62, 0x75, 0x66, 0x2e, 0x56,
    0x61, 0x6c, 0x75, 0x65, 0x48, 0x00, 0x52, 0x07, 0x6c, 0x69, 0x74, 0x65, 0x72, 0x61, 0x6c, 0x12,
    0x4a, 0x0a, 0x06, 0x73, 0x6f, 0x75, 0x72, 0x63, 0x65, 0x18, 0x02, 0x20, 0x01, 0x28, 0x0e, 0x32,
    0x30, 0x2e, 0x73, 0x69, 0x66, 0x74, 0x2e, 0x61, 0x75, 0x74, 0x6f, 0x6d, 0x61, 0x74, 0x69, 0x6f,
    0x6e, 0x2e, 0x76, 0x31, 0x2e, 0x41, 0x75, 0x74, 0x6f, 0x6d, 0x61, 0x74, 0x69, 0x6f, 0x6e, 0x54,
    0x72, 0x69, 0x67, 0x67, 0x65, 0x72, 0x50, 0x61, 0x72, 0x61, 0x6d, 0x53, 0x6f, 0x75, 0x72, 0x63,
    0x65, 0x48, 0x00, 0x52, 0x06, 0x73, 0x6f, 0x75, 0x72, 0x63, 0x65, 0x42, 0x07, 0x0a, 0x05, 0x76,
    0x61, 0x6c, 0x75, 0x65, 0x22, 0xa3, 0x02, 0x0a, 0x1c, 0x43, 0x61, 0x6e, 0x76, 0x61, 0x73, 0x45,
    0x76, 0x61, 0x6c, 0x75, 0x61, 0x74, 0x69, 0x6f, 0x6e, 0x41, 0x63, 0x74, 0x69, 0x6f, 0x6e, 0x50,
    0x61, 0x72, 0x61, 0x6d, 0x73, 0x12, 0x2f, 0x0a, 0x11, 0x63, 0x61, 0x6e, 0x76, 0x61, 0x73, 0x5f,
    0x76, 0x65, 0x72, 0x73, 0x69, 0x6f, 0x6e, 0x5f, 0x69, 0x64, 0x18, 0x01, 0x20, 0x01, 0x28, 0x09,
    0x42, 0x03, 0xe0, 0x41, 0x02, 0x52, 0x0f, 0x63, 0x61, 0x6e, 0x76, 0x61, 0x73, 0x56, 0x65, 0x72,
    0x73, 0x69, 0x6f, 0x6e, 0x49, 0x64, 0x12, 0x63, 0x0a, 0x0a, 0x70, 0x61, 0x72, 0x61, 0x6d, 0x5f,
    0x6a, 0x73, 0x6f, 0x6e, 0x18, 0x02, 0x20, 0x03, 0x28, 0x0b, 0x32, 0x3f, 0x2e, 0x73, 0x69, 0x66,
    0x74, 0x2e, 0x61, 0x75, 0x74, 0x6f, 0x6d, 0x61, 0x74, 0x69, 0x6f, 0x6e, 0x2e, 0x76, 0x31, 0x2e,
    0x43, 0x61, 0x6e, 0x76, 0x61, 0x73, 0x45, 0x76, 0x61, 0x6c, 0x75, 0x61, 0x74, 0x69, 0x6f, 0x6e,
    0x41, 0x63, 0x74, 0x69, 0x6f, 0x6e, 0x50, 0x61, 0x72, 0x61, 0x6d, 0x73, 0x2e, 0x50, 0x61, 0x72,
    0x61, 0x6d, 0x4a, 0x73, 0x6f, 0x6e, 0x45, 0x6e, 0x74, 0x72, 0x79, 0x42, 0x03, 0xe0, 0x41, 0x01,
    0x52, 0x09, 0x70, 0x61, 0x72, 0x61, 0x6d, 0x4a, 0x73, 0x6f, 0x6e, 0x1a, 0x6d, 0x0a, 0x0e, 0x50,
    0x61, 0x72, 0x61, 0x6d, 0x4a, 0x73, 0x6f, 0x6e, 0x45, 0x6e, 0x74, 0x72, 0x79, 0x12, 0x10, 0x0a,
    0x03, 0x6b, 0x65, 0x79, 0x18, 0x01, 0x20, 0x01, 0x28, 0x09, 0x52, 0x03, 0x6b, 0x65, 0x79, 0x12,
    0x45, 0x0a, 0x05, 0x76, 0x61, 0x6c, 0x75, 0x65, 0x18, 0x02, 0x20, 0x01, 0x28, 0x0b, 0x32, 0x2f,
    0x2e, 0x73, 0x69, 0x66, 0x74, 0x2e, 0x61, 0x75, 0x74, 0x6f, 0x6d, 0x61, 0x74, 0x69, 0x6f, 0x6e,
    0x2e, 0x76, 0x31, 0x2e, 0x41, 0x75, 0x74, 0x6f, 0x6d, 0x61, 0x74, 0x69, 0x6f, 0x6e, 0x54, 0x72,
    0x69, 0x67, 0x67, 0x65, 0x72, 0x50, 0x61, 0x72, 0x61, 0x6d, 0x56, 0x61, 0x6c, 0x75, 0x65, 0x52,
    0x05, 0x76, 0x61, 0x6c, 0x75, 0x65, 0x3a, 0x02, 0x38, 0x01, 0x22, 0x88, 0x01, 0x0a, 0x1d, 0x41,
    0x75, 0x74, 0x6f, 0x6d, 0x61, 0x74, 0x69, 0x6f, 0x6e, 0x54, 0x72, 0x69, 0x67, 0x67, 0x65, 0x72,
    0x41, 0x63, 0x74, 0x69, 0x6f, 0x6e, 0x50, 0x61, 0x72, 0x61, 0x6d, 0x73, 0x12, 0x5f, 0x0a, 0x11,
    0x63, 0x61, 0x6e, 0x76, 0x61, 0x73, 0x5f, 0x65, 0x76, 0x61, 0x6c, 0x75, 0x61, 0x74, 0x69, 0x6f,
    0x6e, 0x18, 0x01, 0x20, 0x01, 0x28, 0x0b, 0x32, 0x30, 0x2e, 0x73, 0x69, 0x66, 0x74, 0x2e, 0x61,
    0x75, 0x74, 0x6f, 0x6d, 0x61, 0x74, 0x69, 0x6f, 0x6e, 0x2e, 0x76, 0x31, 0x2e, 0x43, 0x61, 0x6e,
    0x76, 0x61, 0x73, 0x45, 0x76, 0x61, 0x6c, 0x75, 0x61, 0x74, 0x69, 0x6f, 0x6e, 0x41, 0x63, 0x74,
    0x69, 0x6f, 0x6e, 0x50, 0x61, 0x72, 0x61, 0x6d, 0x73, 0x48, 0x00, 0x52, 0x10, 0x63, 0x61, 0x6e,
    0x76, 0x61, 0x73, 0x45, 0x76, 0x61, 0x6c, 0x75, 0x61, 0x74, 0x69, 0x6f, 0x6e, 0x42, 0x06, 0x0a,
    0x04, 0x6b, 0x69, 0x6e, 0x64, 0x22, 0x86, 0x08, 0x0a, 0x11, 0x41, 0x75, 0x74, 0x6f, 0x6d, 0x61,
    0x74, 0x69, 0x6f, 0x6e, 0x54, 0x72, 0x69, 0x67, 0x67, 0x65, 0x72, 0x12, 0x37, 0x0a, 0x15, 0x61,
    0x75, 0x74, 0x6f, 0x6d, 0x61, 0x74, 0x69, 0x6f, 0x6e, 0x5f, 0x74, 0x72, 0x69, 0x67, 0x67, 0x65,
    0x72, 0x5f, 0x69, 0x64, 0x18, 0x01, 0x20, 0x01, 0x28, 0x09, 0x42, 0x03, 0xe0, 0x41, 0x02, 0x52,
    0x13, 0x61, 0x75, 0x74, 0x6f, 0x6d, 0x61, 0x74, 0x69, 0x6f, 0x6e, 0x54, 0x72, 0x69, 0x67, 0x67,
    0x65, 0x72, 0x49, 0x64, 0x12, 0x2c, 0x0a, 0x0f, 0x6f, 0x72, 0x67, 0x61, 0x6e, 0x69, 0x7a, 0x61,
    0x74, 0x69, 0x6f, 0x6e, 0x5f, 0x69, 0x64, 0x18, 0x02, 0x20, 0x01, 0x28, 0x09, 0x42, 0x03, 0xe0,
    0x41, 0x02, 0x52, 0x0e, 0x6f, 0x72, 0x67, 0x61, 0x6e, 0x69, 0x7a, 0x61, 0x74, 0x69, 0x6f, 0x6e,
    0x49, 0x64, 0x12, 0x20, 0x0a, 0x09, 0x63, 0x61, 0x6e, 0x76, 0x61, 0x73, 0x5f, 0x69, 0x64, 0x18,
    0x03, 0x20, 0x01, 0x28, 0x09, 0x42, 0x03, 0xe0, 0x41, 0x02, 0x52, 0x08, 0x63, 0x61, 0x6e, 0x76,
    0x61, 0x73, 0x49, 0x64, 0x12, 0x17, 0x0a, 0x04, 0x6e, 0x61, 0x6d, 0x65, 0x18, 0x04, 0x20, 0x01,
    0x28, 0x09, 0x42, 0x03, 0xe0, 0x41, 0x02, 0x52, 0x04, 0x6e, 0x61, 0x6d, 0x65, 0x12, 0x58, 0x0a,
    0x0c, 0x6d, 0x61, 0x74, 0x63, 0x68, 0x5f, 0x66, 0x69, 0x6c, 0x74, 0x65, 0x72, 0x18, 0x05, 0x20,
    0x01, 0x28, 0x0b, 0x32, 0x30, 0x2e, 0x73, 0x69, 0x66, 0x74, 0x2e, 0x61, 0x75, 0x74, 0x6f, 0x6d,
    0x61, 0x74, 0x69, 0x6f, 0x6e, 0x2e, 0x76, 0x31, 0x2e, 0x41, 0x75, 0x74, 0x6f, 0x6d, 0x61, 0x74,
    0x69, 0x6f, 0x6e, 0x54, 0x72, 0x69, 0x67, 0x67, 0x65, 0x72, 0x4d, 0x61, 0x74, 0x63, 0x68, 0x46,
    0x69, 0x6c, 0x74, 0x65, 0x72, 0x42, 0x03, 0xe0, 0x41, 0x02, 0x52, 0x0b, 0x6d, 0x61, 0x74, 0x63,
    0x68, 0x46, 0x69, 0x6c, 0x74, 0x65, 0x72, 0x12, 0x1c, 0x0a, 0x07, 0x75, 0x73, 0x65, 0x72, 0x5f,
    0x69, 0x64, 0x18, 0x06, 0x20, 0x01, 0x28, 0x09, 0x42, 0x03, 0xe0, 0x41, 0x02, 0x52, 0x06, 0x75,
    0x73, 0x65, 0x72, 0x49, 0x64, 0x12, 0x55, 0x0a, 0x0b, 0x61, 0x63, 0x74, 0x69, 0x6f, 0x6e, 0x5f,
    0x6b, 0x69, 0x6e, 0x64, 0x18, 0x07, 0x20, 0x01, 0x28, 0x0e, 0x32, 0x2f, 0x2e, 0x73, 0x69, 0x66,
    0x74, 0x2e, 0x61, 0x75, 0x74, 0x6f, 0x6d, 0x61, 0x74, 0x69, 0x6f, 0x6e, 0x2e, 0x76, 0x31, 0x2e,
    0x41, 0x75, 0x74, 0x6f, 0x6d, 0x61, 0x74, 0x69, 0x6f, 0x6e, 0x54, 0x72, 0x69, 0x67, 0x67, 0x65,
    0x72, 0x41, 0x63, 0x74, 0x69, 0x6f, 0x6e, 0x4b, 0x69, 0x6e, 0x64, 0x42, 0x03, 0xe0, 0x41, 0x02,
    0x52, 0x0a, 0x61, 0x63, 0x74, 0x69, 0x6f, 0x6e, 0x4b, 0x69, 0x6e, 0x64, 0x12, 0x5b, 0x0a, 0x0d,
    0x61, 0x63, 0x74, 0x69, 0x6f, 0x6e, 0x5f, 0x70, 0x61, 0x72, 0x61, 0x6d, 0x73, 0x18, 0x08, 0x20,
    0x01, 0x28, 0x0b, 0x32, 0x31, 0x2e, 0x73, 0x69, 0x66, 0x74, 0x2e, 0x61, 0x75, 0x74, 0x6f, 0x6d,
    0x61, 0x74, 0x69, 0x6f, 0x6e, 0x2e, 0x76, 0x31, 0x2e, 0x41, 0x75, 0x74, 0x6f, 0x6d, 0x61, 0x74,
    0x69, 0x6f, 0x6e, 0x54, 0x72, 0x69, 0x67, 0x67, 0x65, 0x72, 0x41, 0x63, 0x74, 0x69, 0x6f, 0x6e,
    0x50, 0x61, 0x72, 0x61, 0x6d, 0x73, 0x42, 0x03, 0xe0, 0x41, 0x01, 0x52, 0x0c, 0x61, 0x63, 0x74,
    0x69, 0x6f, 0x6e, 0x50, 0x61, 0x72, 0x61, 0x6d, 0x73, 0x12, 0x22, 0x0a, 0x0a, 0x69, 0x73, 0x5f,
    0x65, 0x6e, 0x61, 0x62, 0x6c, 0x65, 0x64, 0x18, 0x09, 0x20, 0x01, 0x28, 0x08, 0x42, 0x03, 0xe0,
    0x41, 0x02, 0x52, 0x09, 0x69, 0x73, 0x45, 0x6e, 0x61, 0x62, 0x6c, 0x65, 0x64, 0x12, 0x49, 0x0a,
    0x0d, 0x61, 0x72, 0x63, 0x68, 0x69, 0x76, 0x65, 0x64, 0x5f, 0x64, 0x61, 0x74, 0x65, 0x18, 0x0a,
    0x20, 0x01, 0x28, 0x0b, 0x32, 0x1a, 0x2e, 0x67, 0x6f, 0x6f, 0x67, 0x6c, 0x65, 0x2e, 0x70, 0x72,
    0x6f, 0x74, 0x6f, 0x62, 0x75, 0x66, 0x2e, 0x54, 0x69, 0x6d, 0x65, 0x73, 0x74, 0x61, 0x6d, 0x70,
    0x42, 0x03, 0xe0, 0x41, 0x01, 0x48, 0x00, 0x52, 0x0c, 0x61, 0x72, 0x63, 0x68, 0x69, 0x76, 0x65,
    0x64, 0x44, 0x61, 0x74, 0x65, 0x88, 0x01, 0x01, 0x12, 0x24, 0x0a, 0x0b, 0x69, 0x73, 0x5f, 0x61,
    0x72, 0x63, 0x68, 0x69, 0x76, 0x65, 0x64, 0x18, 0x0b, 0x20, 0x01, 0x28, 0x08, 0x42, 0x03, 0xe0,
    0x41, 0x02, 0x52, 0x0a, 0x69, 0x73, 0x41, 0x72, 0x63, 0x68, 0x69, 0x76, 0x65, 0x64, 0x12, 0x42,
    0x0a, 0x0c, 0x63, 0x72, 0x65, 0x61, 0x74, 0x65, 0x64, 0x5f, 0x64, 0x61, 0x74, 0x65, 0x18, 0x0c,
    0x20, 0x01, 0x28, 0x0b, 0x32, 0x1a, 0x2e, 0x67, 0x6f, 0x6f, 0x67, 0x6c, 0x65, 0x2e, 0x70, 0x72,
    0x6f, 0x74, 0x6f, 0x62, 0x75, 0x66, 0x2e, 0x54, 0x69, 0x6d, 0x65, 0x73, 0x74, 0x61, 0x6d, 0x70,
    0x42, 0x03, 0xe0, 0x41, 0x02, 0x52, 0x0b, 0x63, 0x72, 0x65, 0x61, 0x74, 0x65, 0x64, 0x44, 0x61,
    0x74, 0x65, 0x12, 0x44, 0x0a, 0x0d, 0x6d, 0x6f, 0x64, 0x69, 0x66, 0x69, 0x65, 0x64, 0x5f, 0x64,
    0x61, 0x74, 0x65, 0x18, 0x0d, 0x20, 0x01, 0x28, 0x0b, 0x32, 0x1a, 0x2e, 0x67, 0x6f, 0x6f, 0x67,
    0x6c, 0x65, 0x2e, 0x70, 0x72, 0x6f, 0x74, 0x6f, 0x62, 0x75, 0x66, 0x2e, 0x54, 0x69, 0x6d, 0x65,
    0x73, 0x74, 0x61, 0x6d, 0x70, 0x42, 0x03, 0xe0, 0x41, 0x02, 0x52, 0x0c, 0x6d, 0x6f, 0x64, 0x69,
    0x66, 0x69, 0x65, 0x64, 0x44, 0x61, 0x74, 0x65, 0x12, 0x30, 0x0a, 0x12, 0x63, 0x72, 0x65, 0x61,
    0x74, 0x65, 0x64, 0x5f, 0x62, 0x79, 0x5f, 0x75, 0x73, 0x65, 0x72, 0x5f, 0x69, 0x64, 0x18, 0x0e,
    0x20, 0x01, 0x28, 0x09, 0x42, 0x03, 0xe0, 0x41, 0x02, 0x52, 0x0f, 0x63, 0x72, 0x65, 0x61, 0x74,
    0x65, 0x64, 0x42, 0x79, 0x55, 0x73, 0x65, 0x72, 0x49, 0x64, 0x12, 0x32, 0x0a, 0x13, 0x6d, 0x6f,
    0x64, 0x69, 0x66, 0x69, 0x65, 0x64, 0x5f, 0x62, 0x79, 0x5f, 0x75, 0x73, 0x65, 0x72, 0x5f, 0x69,
    0x64, 0x18, 0x0f, 0x20, 0x01, 0x28, 0x09, 0x42, 0x03, 0xe0, 0x41, 0x02, 0x52, 0x10, 0x6d, 0x6f,
    0x64, 0x69, 0x66, 0x69, 0x65, 0x64, 0x42, 0x79, 0x55, 0x73, 0x65, 0x72, 0x49, 0x64, 0x12, 0x43,
    0x0a, 0x1b, 0x65, 0x6d, 0x61, 0x69, 0x6c, 0x5f, 0x6e, 0x6f, 0x74, 0x69, 0x66, 0x69, 0x63, 0x61,
    0x74, 0x69, 0x6f, 0x6e, 0x73, 0x5f, 0x65, 0x6e, 0x61, 0x62, 0x6c, 0x65, 0x64, 0x18, 0x10, 0x20,
    0x01, 0x28, 0x08, 0x42, 0x03, 0xe0, 0x41, 0x02, 0x52, 0x19, 0x65, 0x6d, 0x61, 0x69, 0x6c, 0x4e,
    0x6f, 0x74, 0x69, 0x66, 0x69, 0x63, 0x61, 0x74, 0x69, 0x6f, 0x6e, 0x73, 0x45, 0x6e, 0x61, 0x62,
    0x6c, 0x65, 0x64, 0x12, 0x47, 0x0a, 0x1d, 0x6e, 0x6f, 0x74, 0x69, 0x66, 0x69, 0x63, 0x61, 0x74,
    0x69, 0x6f, 0x6e, 0x5f, 0x72, 0x65, 0x63, 0x69, 0x70, 0x69, 0x65, 0x6e, 0x74, 0x5f, 0x65, 0x6d,
    0x61, 0x69, 0x6c, 0x73, 0x18, 0x11, 0x20, 0x03, 0x28, 0x09, 0x42, 0x03, 0xe0, 0x41, 0x02, 0x52,
    0x1b, 0x6e, 0x6f, 0x74, 0x69, 0x66, 0x69, 0x63, 0x61, 0x74, 0x69, 0x6f, 0x6e, 0x52, 0x65, 0x63,
    0x69, 0x70, 0x69, 0x65, 0x6e, 0x74, 0x45, 0x6d, 0x61, 0x69, 0x6c, 0x73, 0x42, 0x10, 0x0a, 0x0e,
    0x5f, 0x61, 0x72, 0x63, 0x68, 0x69, 0x76, 0x65, 0x64, 0x5f, 0x64, 0x61, 0x74, 0x65, 0x22, 0x56,
    0x0a, 0x1b, 0x47, 0x65, 0x74, 0x41, 0x75, 0x74, 0x6f, 0x6d, 0x61, 0x74, 0x69, 0x6f, 0x6e, 0x54,
    0x72, 0x69, 0x67, 0x67, 0x65, 0x72, 0x52, 0x65, 0x71, 0x75, 0x65, 0x73, 0x74, 0x12, 0x37, 0x0a,
    0x15, 0x61, 0x75, 0x74, 0x6f, 0x6d, 0x61, 0x74, 0x69, 0x6f, 0x6e, 0x5f, 0x74, 0x72, 0x69, 0x67,
    0x67, 0x65, 0x72, 0x5f, 0x69, 0x64, 0x18, 0x01, 0x20, 0x01, 0x28, 0x09, 0x42, 0x03, 0xe0, 0x41,
    0x02, 0x52, 0x13, 0x61, 0x75, 0x74, 0x6f, 0x6d, 0x61, 0x74, 0x69, 0x6f, 0x6e, 0x54, 0x72, 0x69,
    0x67, 0x67, 0x65, 0x72, 0x49, 0x64, 0x22, 0x79, 0x0a, 0x1c, 0x47, 0x65, 0x74, 0x41, 0x75, 0x74,
    0x6f, 0x6d, 0x61, 0x74, 0x69, 0x6f, 0x6e, 0x54, 0x72, 0x69, 0x67, 0x67, 0x65, 0x72, 0x52, 0x65,
    0x73, 0x70, 0x6f, 0x6e, 0x73, 0x65, 0x12, 0x59, 0x0a, 0x12, 0x61, 0x75, 0x74, 0x6f, 0x6d, 0x61,
    0x74, 0x69, 0x6f, 0x6e, 0x5f, 0x74, 0x72, 0x69, 0x67, 0x67, 0x65, 0x72, 0x18, 0x01, 0x20, 0x01,
    0x28, 0x0b, 0x32, 0x25, 0x2e, 0x73, 0x69, 0x66, 0x74, 0x2e, 0x61, 0x75, 0x74, 0x6f, 0x6d, 0x61,
    0x74, 0x69, 0x6f, 0x6e, 0x2e, 0x76, 0x31, 0x2e, 0x41, 0x75, 0x74, 0x6f, 0x6d, 0x61, 0x74, 0x69,
    0x6f, 0x6e, 0x54, 0x72, 0x69, 0x67, 0x67, 0x65, 0x72, 0x42, 0x03, 0xe0, 0x41, 0x02, 0x52, 0x11,
    0x61, 0x75, 0x74, 0x6f, 0x6d, 0x61, 0x74, 0x69, 0x6f, 0x6e, 0x54, 0x72, 0x69, 0x67, 0x67, 0x65,
    0x72, 0x22, 0xd4, 0x04, 0x0a, 0x1e, 0x43, 0x72, 0x65, 0x61, 0x74, 0x65, 0x41, 0x75, 0x74, 0x6f,
    0x6d, 0x61, 0x74, 0x69, 0x6f, 0x6e, 0x54, 0x72, 0x69, 0x67, 0x67, 0x65, 0x72, 0x52, 0x65, 0x71,
    0x75, 0x65, 0x73, 0x74, 0x12, 0x20, 0x0a, 0x09, 0x63, 0x61, 0x6e, 0x76, 0x61, 0x73, 0x5f, 0x69,
    0x64, 0x18, 0x01, 0x20, 0x01, 0x28, 0x09, 0x42, 0x03, 0xe0, 0x41, 0x02, 0x52, 0x08, 0x63, 0x61,
    0x6e, 0x76, 0x61, 0x73, 0x49, 0x64, 0x12, 0x17, 0x0a, 0x04, 0x6e, 0x61, 0x6d, 0x65, 0x18, 0x02,
    0x20, 0x01, 0x28, 0x09, 0x42, 0x03, 0xe0, 0x41, 0x02, 0x52, 0x04, 0x6e, 0x61, 0x6d, 0x65, 0x12,
    0x58, 0x0a, 0x0c, 0x6d, 0x61, 0x74, 0x63, 0x68, 0x5f, 0x66, 0x69, 0x6c, 0x74, 0x65, 0x72, 0x18,
    0x03, 0x20, 0x01, 0x28, 0x0b, 0x32, 0x30, 0x2e, 0x73, 0x69, 0x66, 0x74, 0x2e, 0x61, 0x75, 0x74,
    0x6f, 0x6d, 0x61, 0x74, 0x69, 0x6f, 0x6e, 0x2e, 0x76, 0x31, 0x2e, 0x41, 0x75, 0x74, 0x6f, 0x6d,
    0x61, 0x74, 0x69, 0x6f, 0x6e, 0x54, 0x72, 0x69, 0x67, 0x67, 0x65, 0x72, 0x4d, 0x61, 0x74, 0x63,
    0x68, 0x46, 0x69, 0x6c, 0x74, 0x65, 0x72, 0x42, 0x03, 0xe0, 0x41, 0x02, 0x52, 0x0b, 0x6d, 0x61,
    0x74, 0x63, 0x68, 0x46, 0x69, 0x6c, 0x74, 0x65, 0x72, 0x12, 0x55, 0x0a, 0x0b, 0x61, 0x63, 0x74,
    0x69, 0x6f, 0x6e, 0x5f, 0x6b, 0x69, 0x6e, 0x64, 0x18, 0x04, 0x20, 0x01, 0x28, 0x0e, 0x32, 0x2f,
    0x2e, 0x73, 0x69, 0x66, 0x74, 0x2e, 0x61, 0x75, 0x74, 0x6f, 0x6d, 0x61, 0x74, 0x69, 0x6f, 0x6e,
    0x2e, 0x76, 0x31, 0x2e, 0x41, 0x75, 0x74, 0x6f, 0x6d, 0x61, 0x74, 0x69, 0x6f, 0x6e, 0x54, 0x72,
    0x69, 0x67, 0x67, 0x65, 0x72, 0x41, 0x63, 0x74, 0x69, 0x6f, 0x6e, 0x4b, 0x69, 0x6e, 0x64, 0x42,
    0x03, 0xe0, 0x41, 0x02, 0x52, 0x0a, 0x61, 0x63, 0x74, 0x69, 0x6f, 0x6e, 0x4b, 0x69, 0x6e, 0x64,
    0x12, 0x5b, 0x0a, 0x0d, 0x61, 0x63, 0x74, 0x69, 0x6f, 0x6e, 0x5f, 0x70, 0x61, 0x72, 0x61, 0x6d,
    0x73, 0x18, 0x05, 0x20, 0x01, 0x28, 0x0b, 0x32, 0x31, 0x2e, 0x73, 0x69, 0x66, 0x74, 0x2e, 0x61,
    0x75, 0x74, 0x6f, 0x6d, 0x61, 0x74, 0x69, 0x6f, 0x6e, 0x2e, 0x76, 0x31, 0x2e, 0x41, 0x75, 0x74,
    0x6f, 0x6d, 0x61, 0x74, 0x69, 0x6f, 0x6e, 0x54, 0x72, 0x69, 0x67, 0x67, 0x65, 0x72, 0x41, 0x63,
    0x74, 0x69, 0x6f, 0x6e, 0x50, 0x61, 0x72, 0x61, 0x6d, 0x73, 0x42, 0x03, 0xe0, 0x41, 0x01, 0x52,
    0x0c, 0x61, 0x63, 0x74, 0x69, 0x6f, 0x6e, 0x50, 0x61, 0x72, 0x61, 0x6d, 0x73, 0x12, 0x27, 0x0a,
    0x0a, 0x69, 0x73, 0x5f, 0x65, 0x6e, 0x61, 0x62, 0x6c, 0x65, 0x64, 0x18, 0x06, 0x20, 0x01, 0x28,
    0x08, 0x42, 0x03, 0xe0, 0x41, 0x01, 0x48, 0x00, 0x52, 0x09, 0x69, 0x73, 0x45, 0x6e, 0x61, 0x62,
    0x6c, 0x65, 0x64, 0x88, 0x01, 0x01, 0x12, 0x48, 0x0a, 0x1b, 0x65, 0x6d, 0x61, 0x69, 0x6c, 0x5f,
    0x6e, 0x6f, 0x74, 0x69, 0x66, 0x69, 0x63, 0x61, 0x74, 0x69, 0x6f, 0x6e, 0x73, 0x5f, 0x65, 0x6e,
    0x61, 0x62, 0x6c, 0x65, 0x64, 0x18, 0x07, 0x20, 0x01, 0x28, 0x08, 0x42, 0x03, 0xe0, 0x41, 0x01,
    0x48, 0x01, 0x52, 0x19, 0x65, 0x6d, 0x61, 0x69, 0x6c, 0x4e, 0x6f, 0x74, 0x69, 0x66, 0x69, 0x63,
    0x61, 0x74, 0x69, 0x6f, 0x6e, 0x73, 0x45, 0x6e, 0x61, 0x62, 0x6c, 0x65, 0x64, 0x88, 0x01, 0x01,
    0x12, 0x47, 0x0a, 0x1d, 0x6e, 0x6f, 0x74, 0x69, 0x66, 0x69, 0x63, 0x61, 0x74, 0x69, 0x6f, 0x6e,
    0x5f, 0x72, 0x65, 0x63, 0x69, 0x70, 0x69, 0x65, 0x6e, 0x74, 0x5f, 0x65, 0x6d, 0x61, 0x69, 0x6c,
    0x73, 0x18, 0x08, 0x20, 0x03, 0x28, 0x09, 0x42, 0x03, 0xe0, 0x41, 0x01, 0x52, 0x1b, 0x6e, 0x6f,
    0x74, 0x69, 0x66, 0x69, 0x63, 0x61, 0x74, 0x69, 0x6f, 0x6e, 0x52, 0x65, 0x63, 0x69, 0x70, 0x69,
    0x65, 0x6e, 0x74, 0x45, 0x6d, 0x61, 0x69, 0x6c, 0x73, 0x42, 0x0d, 0x0a, 0x0b, 0x5f, 0x69, 0x73,
    0x5f, 0x65, 0x6e, 0x61, 0x62, 0x6c, 0x65, 0x64, 0x42, 0x1e, 0x0a, 0x1c, 0x5f, 0x65, 0x6d, 0x61,
    0x69, 0x6c, 0x5f, 0x6e, 0x6f, 0x74, 0x69, 0x66, 0x69, 0x63, 0x61, 0x74, 0x69, 0x6f, 0x6e, 0x73,
    0x5f, 0x65, 0x6e, 0x61, 0x62, 0x6c, 0x65, 0x64, 0x22, 0x7c, 0x0a, 0x1f, 0x43, 0x72, 0x65, 0x61,
    0x74, 0x65, 0x41, 0x75, 0x74, 0x6f, 0x6d, 0x61, 0x74, 0x69, 0x6f, 0x6e, 0x54, 0x72, 0x69, 0x67,
    0x67, 0x65, 0x72, 0x52, 0x65, 0x73, 0x70, 0x6f, 0x6e, 0x73, 0x65, 0x12, 0x59, 0x0a, 0x12, 0x61,
    0x75, 0x74, 0x6f, 0x6d, 0x61, 0x74, 0x69, 0x6f, 0x6e, 0x5f, 0x74, 0x72, 0x69, 0x67, 0x67, 0x65,
    0x72, 0x18, 0x01, 0x20, 0x01, 0x28, 0x0b, 0x32, 0x25, 0x2e, 0x73, 0x69, 0x66, 0x74, 0x2e, 0x61,
    0x75, 0x74, 0x6f, 0x6d, 0x61, 0x74, 0x69, 0x6f, 0x6e, 0x2e, 0x76, 0x31, 0x2e, 0x41, 0x75, 0x74,
    0x6f, 0x6d, 0x61, 0x74, 0x69, 0x6f, 0x6e, 0x54, 0x72, 0x69, 0x67, 0x67, 0x65, 0x72, 0x42, 0x03,
    0xe0, 0x41, 0x02, 0x52, 0x11, 0x61, 0x75, 0x74, 0x6f, 0x6d, 0x61, 0x74, 0x69, 0x6f, 0x6e, 0x54,
    0x72, 0x69, 0x67, 0x67, 0x65, 0x72, 0x22, 0xbd, 0x01, 0x0a, 0x1e, 0x55, 0x70, 0x64, 0x61, 0x74,
    0x65, 0x41, 0x75, 0x74, 0x6f, 0x6d, 0x61, 0x74, 0x69, 0x6f, 0x6e, 0x54, 0x72, 0x69, 0x67, 0x67,
    0x65, 0x72, 0x52, 0x65, 0x71, 0x75, 0x65, 0x73, 0x74, 0x12, 0x59, 0x0a, 0x12, 0x61, 0x75, 0x74,
    0x6f, 0x6d, 0x61, 0x74, 0x69, 0x6f, 0x6e, 0x5f, 0x74, 0x72, 0x69, 0x67, 0x67, 0x65, 0x72, 0x18,
    0x01, 0x20, 0x01, 0x28, 0x0b, 0x32, 0x25, 0x2e, 0x73, 0x69, 0x66, 0x74, 0x2e, 0x61, 0x75, 0x74,
    0x6f, 0x6d, 0x61, 0x74, 0x69, 0x6f, 0x6e, 0x2e, 0x76, 0x31, 0x2e, 0x41, 0x75, 0x74, 0x6f, 0x6d,
    0x61, 0x74, 0x69, 0x6f, 0x6e, 0x54, 0x72, 0x69, 0x67, 0x67, 0x65, 0x72, 0x42, 0x03, 0xe0, 0x41,
    0x02, 0x52, 0x11, 0x61, 0x75, 0x74, 0x6f, 0x6d, 0x61, 0x74, 0x69, 0x6f, 0x6e, 0x54, 0x72, 0x69,
    0x67, 0x67, 0x65, 0x72, 0x12, 0x40, 0x0a, 0x0b, 0x75, 0x70, 0x64, 0x61, 0x74, 0x65, 0x5f, 0x6d,
    0x61, 0x73, 0x6b, 0x18, 0x02, 0x20, 0x01, 0x28, 0x0b, 0x32, 0x1a, 0x2e, 0x67, 0x6f, 0x6f, 0x67,
    0x6c, 0x65, 0x2e, 0x70, 0x72, 0x6f, 0x74, 0x6f, 0x62, 0x75, 0x66, 0x2e, 0x46, 0x69, 0x65, 0x6c,
    0x64, 0x4d, 0x61, 0x73, 0x6b, 0x42, 0x03, 0xe0, 0x41, 0x02, 0x52, 0x0a, 0x75, 0x70, 0x64, 0x61,
    0x74, 0x65, 0x4d, 0x61, 0x73, 0x6b, 0x22, 0x7c, 0x0a, 0x1f, 0x55, 0x70, 0x64, 0x61, 0x74, 0x65,
    0x41, 0x75, 0x74, 0x6f, 0x6d, 0x61, 0x74, 0x69, 0x6f, 0x6e, 0x54, 0x72, 0x69, 0x67, 0x67, 0x65,
    0x72, 0x52, 0x65, 0x73, 0x70, 0x6f, 0x6e, 0x73, 0x65, 0x12, 0x59, 0x0a, 0x12, 0x61, 0x75, 0x74,
    0x6f, 0x6d, 0x61, 0x74, 0x69, 0x6f, 0x6e, 0x5f, 0x74, 0x72, 0x69, 0x67, 0x67, 0x65, 0x72, 0x18,
    0x01, 0x20, 0x01, 0x28, 0x0b, 0x32, 0x25, 0x2e, 0x73, 0x69, 0x66, 0x74, 0x2e, 0x61, 0x75, 0x74,
    0x6f, 0x6d, 0x61, 0x74, 0x69, 0x6f, 0x6e, 0x2e, 0x76, 0x31, 0x2e, 0x41, 0x75, 0x74, 0x6f, 0x6d,
    0x61, 0x74, 0x69, 0x6f, 0x6e, 0x54, 0x72, 0x69, 0x67, 0x67, 0x65, 0x72, 0x42, 0x03, 0xe0, 0x41,
    0x02, 0x52, 0x11, 0x61, 0x75, 0x74, 0x6f, 0x6d, 0x61, 0x74, 0x69, 0x6f, 0x6e, 0x54, 0x72, 0x69,
    0x67, 0x67, 0x65, 0x72, 0x22, 0xa2, 0x01, 0x0a, 0x1d, 0x4c, 0x69, 0x73, 0x74, 0x41, 0x75, 0x74,
    0x6f, 0x6d, 0x61, 0x74, 0x69, 0x6f, 0x6e, 0x54, 0x72, 0x69, 0x67, 0x67, 0x65, 0x72, 0x73, 0x52,
    0x65, 0x71, 0x75, 0x65, 0x73, 0x74, 0x12, 0x20, 0x0a, 0x09, 0x70, 0x61, 0x67, 0x65, 0x5f, 0x73,
    0x69, 0x7a, 0x65, 0x18, 0x01, 0x20, 0x01, 0x28, 0x0d, 0x42, 0x03, 0xe0, 0x41, 0x01, 0x52, 0x08,
    0x70, 0x61, 0x67, 0x65, 0x53, 0x69, 0x7a, 0x65, 0x12, 0x22, 0x0a, 0x0a, 0x70, 0x61, 0x67, 0x65,
    0x5f, 0x74, 0x6f, 0x6b, 0x65, 0x6e, 0x18, 0x02, 0x20, 0x01, 0x28, 0x09, 0x42, 0x03, 0xe0, 0x41,
    0x01, 0x52, 0x09, 0x70, 0x61, 0x67, 0x65, 0x54, 0x6f, 0x6b, 0x65, 0x6e, 0x12, 0x1b, 0x0a, 0x06,
    0x66, 0x69, 0x6c, 0x74, 0x65, 0x72, 0x18, 0x03, 0x20, 0x01, 0x28, 0x09, 0x42, 0x03, 0xe0, 0x41,
    0x01, 0x52, 0x06, 0x66, 0x69, 0x6c, 0x74, 0x65, 0x72, 0x12, 0x1e, 0x0a, 0x08, 0x6f, 0x72, 0x64,
    0x65, 0x72, 0x5f, 0x62, 0x79, 0x18, 0x04, 0x20, 0x01, 0x28, 0x09, 0x42, 0x03, 0xe0, 0x41, 0x01,
    0x52, 0x07, 0x6f, 0x72, 0x64, 0x65, 0x72, 0x42, 0x79, 0x22, 0xaa, 0x01, 0x0a, 0x1e, 0x4c, 0x69,
    0x73, 0x74, 0x41, 0x75, 0x74, 0x6f, 0x6d, 0x61, 0x74, 0x69, 0x6f, 0x6e, 0x54, 0x72, 0x69, 0x67,
    0x67, 0x65, 0x72, 0x73, 0x52, 0x65, 0x73, 0x70, 0x6f, 0x6e, 0x73, 0x65, 0x12, 0x5b, 0x0a, 0x13,
    0x61, 0x75, 0x74, 0x6f, 0x6d, 0x61, 0x74, 0x69, 0x6f, 0x6e, 0x5f, 0x74, 0x72, 0x69, 0x67, 0x67,
    0x65, 0x72, 0x73, 0x18, 0x01, 0x20, 0x03, 0x28, 0x0b, 0x32, 0x25, 0x2e, 0x73, 0x69, 0x66, 0x74,
    0x2e, 0x61, 0x75, 0x74, 0x6f, 0x6d, 0x61, 0x74, 0x69, 0x6f, 0x6e, 0x2e, 0x76, 0x31, 0x2e, 0x41,
    0x75, 0x74, 0x6f, 0x6d, 0x61, 0x74, 0x69, 0x6f, 0x6e, 0x54, 0x72, 0x69, 0x67, 0x67, 0x65, 0x72,
    0x42, 0x03, 0xe0, 0x41, 0x02, 0x52, 0x12, 0x61, 0x75, 0x74, 0x6f, 0x6d, 0x61, 0x74, 0x69, 0x6f,
    0x6e, 0x54, 0x72, 0x69, 0x67, 0x67, 0x65, 0x72, 0x73, 0x12, 0x2b, 0x0a, 0x0f, 0x6e, 0x65, 0x78,
    0x74, 0x5f, 0x70, 0x61, 0x67, 0x65, 0x5f, 0x74, 0x6f, 0x6b, 0x65, 0x6e, 0x18, 0x02, 0x20, 0x01,
    0x28, 0x09, 0x42, 0x03, 0xe0, 0x41, 0x02, 0x52, 0x0d, 0x6e, 0x65, 0x78, 0x74, 0x50, 0x61, 0x67,
    0x65, 0x54, 0x6f, 0x6b, 0x65, 0x6e, 0x22, 0x59, 0x0a, 0x1e, 0x44, 0x65, 0x6c, 0x65, 0x74, 0x65,
    0x41, 0x75, 0x74, 0x6f, 0x6d, 0x61, 0x74, 0x69, 0x6f, 0x6e, 0x54, 0x72, 0x69, 0x67, 0x67, 0x65,
    0x72, 0x52, 0x65, 0x71, 0x75, 0x65, 0x73, 0x74, 0x12, 0x37, 0x0a, 0x15, 0x61, 0x75, 0x74, 0x6f,
    0x6d, 0x61, 0x74, 0x69, 0x6f, 0x6e, 0x5f, 0x74, 0x72, 0x69, 0x67, 0x67, 0x65, 0x72, 0x5f, 0x69,
    0x64, 0x18, 0x01, 0x20, 0x01, 0x28, 0x09, 0x42, 0x03, 0xe0, 0x41, 0x02, 0x52, 0x13, 0x61, 0x75,
    0x74, 0x6f, 0x6d, 0x61, 0x74, 0x69, 0x6f, 0x6e, 0x54, 0x72, 0x69, 0x67, 0x67, 0x65, 0x72, 0x49,
    0x64, 0x22, 0x21, 0x0a, 0x1f, 0x44, 0x65, 0x6c, 0x65, 0x74, 0x65, 0x41, 0x75, 0x74, 0x6f, 0x6d,
    0x61, 0x74, 0x69, 0x6f, 0x6e, 0x54, 0x72, 0x69, 0x67, 0x67, 0x65, 0x72, 0x52, 0x65, 0x73, 0x70,
    0x6f, 0x6e, 0x73, 0x65, 0x22, 0xfc, 0x06, 0x0a, 0x18, 0x41, 0x75, 0x74, 0x6f, 0x6d, 0x61, 0x74,
    0x69, 0x6f, 0x6e, 0x54, 0x72, 0x69, 0x67, 0x67, 0x65, 0x72, 0x65, 0x64, 0x45, 0x76, 0x65, 0x6e,
    0x74, 0x12, 0x46, 0x0a, 0x1d, 0x61, 0x75, 0x74, 0x6f, 0x6d, 0x61, 0x74, 0x69, 0x6f, 0x6e, 0x5f,
    0x74, 0x72, 0x69, 0x67, 0x67, 0x65, 0x72, 0x65, 0x64, 0x5f, 0x65, 0x76, 0x65, 0x6e, 0x74, 0x5f,
    0x69, 0x64, 0x18, 0x01, 0x20, 0x01, 0x28, 0x09, 0x42, 0x03, 0xe0, 0x41, 0x02, 0x52, 0x1a, 0x61,
    0x75, 0x74, 0x6f, 0x6d, 0x61, 0x74, 0x69, 0x6f, 0x6e, 0x54, 0x72, 0x69, 0x67, 0x67, 0x65, 0x72,
    0x65, 0x64, 0x45, 0x76, 0x65, 0x6e, 0x74, 0x49, 0x64, 0x12, 0x2c, 0x0a, 0x0f, 0x6f, 0x72, 0x67,
    0x61, 0x6e, 0x69, 0x7a, 0x61, 0x74, 0x69, 0x6f, 0x6e, 0x5f, 0x69, 0x64, 0x18, 0x02, 0x20, 0x01,
    0x28, 0x09, 0x42, 0x03, 0xe0, 0x41, 0x02, 0x52, 0x0e, 0x6f, 0x72, 0x67, 0x61, 0x6e, 0x69, 0x7a,
    0x61, 0x74, 0x69, 0x6f, 0x6e, 0x49, 0x64, 0x12, 0x37, 0x0a, 0x15, 0x61, 0x75, 0x74, 0x6f, 0x6d,
    0x61, 0x74, 0x69, 0x6f, 0x6e, 0x5f, 0x74, 0x72, 0x69, 0x67, 0x67, 0x65, 0x72, 0x5f, 0x69, 0x64,
    0x18, 0x03, 0x20, 0x01, 0x28, 0x09, 0x42, 0x03, 0xe0, 0x41, 0x02, 0x52, 0x13, 0x61, 0x75, 0x74,
    0x6f, 0x6d, 0x61, 0x74, 0x69, 0x6f, 0x6e, 0x54, 0x72, 0x69, 0x67, 0x67, 0x65, 0x72, 0x49, 0x64,
    0x12, 0x1a, 0x0a, 0x06, 0x72, 0x75, 0x6e, 0x5f, 0x69, 0x64, 0x18, 0x04, 0x20, 0x01, 0x28, 0x09,
    0x42, 0x03, 0xe0, 0x41, 0x02, 0x52, 0x05, 0x72, 0x75, 0x6e, 0x49, 0x64, 0x12, 0x4c, 0x0a, 0x05,
    0x73, 0x74, 0x61, 0x74, 0x65, 0x18, 0x05, 0x20, 0x01, 0x28, 0x0e, 0x32, 0x31, 0x2e, 0x73, 0x69,
    0x66, 0x74, 0x2e, 0x61, 0x75, 0x74, 0x6f, 0x6d, 0x61, 0x74, 0x69, 0x6f, 0x6e, 0x2e, 0x76, 0x31,
    0x2e, 0x41, 0x75, 0x74, 0x6f, 0x6d, 0x61, 0x74, 0x69, 0x6f, 0x6e, 0x54, 0x72, 0x69, 0x67, 0x67,
    0x65, 0x72, 0x65, 0x64, 0x45, 0x76, 0x65, 0x6e, 0x74, 0x53, 0x74, 0x61, 0x74, 0x65, 0x42, 0x03,
    0xe0, 0x41, 0x02, 0x52, 0x05, 0x73, 0x74, 0x61, 0x74, 0x65, 0x12, 0x46, 0x0a, 0x0e, 0x64, 0x69,
    0x73, 0x70, 0x61, 0x74, 0x63, 0x68, 0x5f, 0x61, 0x66, 0x74, 0x65, 0x72, 0x18, 0x06, 0x20, 0x01,
    0x28, 0x0b, 0x32, 0x1a, 0x2e, 0x67, 0x6f, 0x6f, 0x67, 0x6c, 0x65, 0x2e, 0x70, 0x72, 0x6f, 0x74,
    0x6f, 0x62, 0x75, 0x66, 0x2e, 0x54, 0x69, 0x6d, 0x65, 0x73, 0x74, 0x61, 0x6d, 0x70, 0x42, 0x03,
    0xe0, 0x41, 0x02, 0x52, 0x0d, 0x64, 0x69, 0x73, 0x70, 0x61, 0x74, 0x63, 0x68, 0x41, 0x66, 0x74,
    0x65, 0x72, 0x12, 0x38, 0x0a, 0x13, 0x63, 0x61, 0x6e, 0x76, 0x61, 0x73, 0x5f, 0x65, 0x78, 0x65,
    0x63, 0x75, 0x74, 0x69, 0x6f, 0x6e, 0x5f, 0x69, 0x64, 0x18, 0x07, 0x20, 0x01, 0x28, 0x09, 0x42,
    0x03, 0xe0, 0x41, 0x01, 0x48, 0x00, 0x52, 0x11, 0x63, 0x61, 0x6e, 0x76, 0x61, 0x73, 0x45, 0x78,
    0x65, 0x63, 0x75, 0x74, 0x69, 0x6f, 0x6e, 0x49, 0x64, 0x88, 0x01, 0x01, 0x12, 0x28, 0x0a, 0x0d,
    0x61, 0x74, 0x74, 0x65, 0x6d, 0x70, 0x74, 0x5f, 0x63, 0x6f, 0x75, 0x6e, 0x74, 0x18, 0x08, 0x20,
    0x01, 0x28, 0x05, 0x42, 0x03, 0xe0, 0x41, 0x02, 0x52, 0x0c, 0x61, 0x74, 0x74, 0x65, 0x6d, 0x70,
    0x74, 0x43, 0x6f, 0x75, 0x6e, 0x74, 0x12, 0x27, 0x0a, 0x0a, 0x6c, 0x61, 0x73, 0x74, 0x5f, 0x65,
    0x72, 0x72, 0x6f, 0x72, 0x18, 0x09, 0x20, 0x01, 0x28, 0x09, 0x42, 0x03, 0xe0, 0x41, 0x01, 0x48,
    0x01, 0x52, 0x09, 0x6c, 0x61, 0x73, 0x74, 0x45, 0x72, 0x72, 0x6f, 0x72, 0x88, 0x01, 0x01, 0x12,
    0x49, 0x0a, 0x0d, 0x74, 0x65, 0x72, 0x6d, 0x69, 0x6e, 0x61, 0x6c, 0x5f, 0x64, 0x61, 0x74, 0x65,
    0x18, 0x0a, 0x20, 0x01, 0x28, 0x0b, 0x32, 0x1a, 0x2e, 0x67, 0x6f, 0x6f, 0x67, 0x6c, 0x65, 0x2e,
    0x70, 0x72, 0x6f, 0x74, 0x6f, 0x62, 0x75, 0x66, 0x2e, 0x54, 0x69, 0x6d, 0x65, 0x73, 0x74, 0x61,
    0x6d, 0x70, 0x42, 0x03, 0xe0, 0x41, 0x01, 0x48, 0x02, 0x52, 0x0c, 0x74, 0x65, 0x72, 0x6d, 0x69,
    0x6e, 0x61, 0x6c, 0x44, 0x61, 0x74, 0x65, 0x88, 0x01, 0x01, 0x12, 0x42, 0x0a, 0x0c, 0x63, 0x72,
    0x65, 0x61, 0x74, 0x65, 0x64, 0x5f, 0x64, 0x61, 0x74, 0x65, 0x18, 0x0b, 0x20, 0x01, 0x28, 0x0b,
    0x32, 0x1a, 0x2e, 0x67, 0x6f, 0x6f, 0x67, 0x6c, 0x65, 0x2e, 0x70, 0x72, 0x6f, 0x74, 0x6f, 0x62,
    0x75, 0x66, 0x2e, 0x54, 0x69, 0x6d, 0x65, 0x73, 0x74, 0x61, 0x6d, 0x70, 0x42, 0x03, 0xe0, 0x41,
    0x02, 0x52, 0x0b, 0x63, 0x72, 0x65, 0x61, 0x74, 0x65, 0x64, 0x44, 0x61, 0x74, 0x65, 0x12, 0x44,
    0x0a, 0x0d, 0x6d, 0x6f, 0x64, 0x69, 0x66, 0x69, 0x65, 0x64, 0x5f, 0x64, 0x61, 0x74, 0x65, 0x18,
    0x0c, 0x20, 0x01, 0x28, 0x0b, 0x32, 0x1a, 0x2e, 0x67, 0x6f, 0x6f, 0x67, 0x6c, 0x65, 0x2e, 0x70,
    0x72, 0x6f, 0x74, 0x6f, 0x62, 0x75, 0x66, 0x2e, 0x54, 0x69, 0x6d, 0x65, 0x73, 0x74, 0x61, 0x6d,
    0x70, 0x42, 0x03, 0xe0, 0x41, 0x02, 0x52, 0x0c, 0x6d, 0x6f, 0x64, 0x69, 0x66, 0x69, 0x65, 0x64,
    0x44, 0x61, 0x74, 0x65, 0x12, 0x30, 0x0a, 0x12, 0x63, 0x72, 0x65, 0x61, 0x74, 0x65, 0x64, 0x5f,
    0x62, 0x79, 0x5f, 0x75, 0x73, 0x65, 0x72, 0x5f, 0x69, 0x64, 0x18, 0x0d, 0x20, 0x01, 0x28, 0x09,
    0x42, 0x03, 0xe0, 0x41, 0x02, 0x52, 0x0f, 0x63, 0x72, 0x65, 0x61, 0x74, 0x65, 0x64, 0x42, 0x79,
    0x55, 0x73, 0x65, 0x72, 0x49, 0x64, 0x12, 0x32, 0x0a, 0x13, 0x6d, 0x6f, 0x64, 0x69, 0x66, 0x69,
    0x65, 0x64, 0x5f, 0x62, 0x79, 0x5f, 0x75, 0x73, 0x65, 0x72, 0x5f, 0x69, 0x64, 0x18, 0x0e, 0x20,
    0x01, 0x28, 0x09, 0x42, 0x03, 0xe0, 0x41, 0x02, 0x52, 0x10, 0x6d, 0x6f, 0x64, 0x69, 0x66, 0x69,
    0x65, 0x64, 0x42, 0x79, 0x55, 0x73, 0x65, 0x72, 0x49, 0x64, 0x42, 0x16, 0x0a, 0x14, 0x5f, 0x63,
    0x61, 0x6e, 0x76, 0x61, 0x73, 0x5f, 0x65, 0x78, 0x65, 0x63, 0x75, 0x74, 0x69, 0x6f, 0x6e, 0x5f,
    0x69, 0x64, 0x42, 0x0d, 0x0a, 0x0b, 0x5f, 0x6c, 0x61, 0x73, 0x74, 0x5f, 0x65, 0x72, 0x72, 0x6f,
    0x72, 0x42, 0x10, 0x0a, 0x0e, 0x5f, 0x74, 0x65, 0x72, 0x6d, 0x69, 0x6e, 0x61, 0x6c, 0x5f, 0x64,
    0x61, 0x74, 0x65, 0x22, 0xa9, 0x01, 0x0a, 0x24, 0x4c, 0x69, 0x73, 0x74, 0x41, 0x75, 0x74, 0x6f,
    0x6d, 0x61, 0x74, 0x69, 0x6f, 0x6e, 0x54, 0x72, 0x69, 0x67, 0x67, 0x65, 0x72, 0x65, 0x64, 0x45,
    0x76, 0x65, 0x6e, 0x74, 0x73, 0x52, 0x65, 0x71, 0x75, 0x65, 0x73, 0x74, 0x12, 0x20, 0x0a, 0x09,
    0x70, 0x61, 0x67, 0x65, 0x5f, 0x73, 0x69, 0x7a, 0x65, 0x18, 0x01, 0x20, 0x01, 0x28, 0x0d, 0x42,
    0x03, 0xe0, 0x41, 0x01, 0x52, 0x08, 0x70, 0x61, 0x67, 0x65, 0x53, 0x69, 0x7a, 0x65, 0x12, 0x22,
    0x0a, 0x0a, 0x70, 0x61, 0x67, 0x65, 0x5f, 0x74, 0x6f, 0x6b, 0x65, 0x6e, 0x18, 0x02, 0x20, 0x01,
    0x28, 0x09, 0x42, 0x03, 0xe0, 0x41, 0x01, 0x52, 0x09, 0x70, 0x61, 0x67, 0x65, 0x54, 0x6f, 0x6b,
    0x65, 0x6e, 0x12, 0x1b, 0x0a, 0x06, 0x66, 0x69, 0x6c, 0x74, 0x65, 0x72, 0x18, 0x03, 0x20, 0x01,
    0x28, 0x09, 0x42, 0x03, 0xe0, 0x41, 0x01, 0x52, 0x06, 0x66, 0x69, 0x6c, 0x74, 0x65, 0x72, 0x12,
    0x1e, 0x0a, 0x08, 0x6f, 0x72, 0x64, 0x65, 0x72, 0x5f, 0x62, 0x79, 0x18, 0x04, 0x20, 0x01, 0x28,
    0x09, 0x42, 0x03, 0xe0, 0x41, 0x01, 0x52, 0x07, 0x6f, 0x72, 0x64, 0x65, 0x72, 0x42, 0x79, 0x22,
    0xc7, 0x01, 0x0a, 0x25, 0x4c, 0x69, 0x73, 0x74, 0x41, 0x75, 0x74, 0x6f, 0x6d, 0x61, 0x74, 0x69,
    0x6f, 0x6e, 0x54, 0x72, 0x69, 0x67, 0x67, 0x65, 0x72, 0x65, 0x64, 0x45, 0x76, 0x65, 0x6e, 0x74,
    0x73, 0x52, 0x65, 0x73, 0x70, 0x6f, 0x6e, 0x73, 0x65, 0x12, 0x71, 0x0a, 0x1b, 0x61, 0x75, 0x74,
    0x6f, 0x6d, 0x61, 0x74, 0x69, 0x6f, 0x6e, 0x5f, 0x74, 0x72, 0x69, 0x67, 0x67, 0x65, 0x72, 0x65,
    0x64, 0x5f, 0x65, 0x76, 0x65, 0x6e, 0x74, 0x73, 0x18, 0x01, 0x20, 0x03, 0x28, 0x0b, 0x32, 0x2c,
    0x2e, 0x73, 0x69, 0x66, 0x74, 0x2e, 0x61, 0x75, 0x74, 0x6f, 0x6d, 0x61, 0x74, 0x69, 0x6f, 0x6e,
    0x2e, 0x76, 0x31, 0x2e, 0x41, 0x75, 0x74, 0x6f, 0x6d, 0x61, 0x74, 0x69, 0x6f, 0x6e, 0x54, 0x72,
    0x69, 0x67, 0x67, 0x65, 0x72, 0x65, 0x64, 0x45, 0x76, 0x65, 0x6e, 0x74, 0x42, 0x03, 0xe0, 0x41,
    0x02, 0x52, 0x19, 0x61, 0x75, 0x74, 0x6f, 0x6d, 0x61, 0x74, 0x69, 0x6f, 0x6e, 0x54, 0x72, 0x69,
    0x67, 0x67, 0x65, 0x72, 0x65, 0x64, 0x45, 0x76, 0x65, 0x6e, 0x74, 0x73, 0x12, 0x2b, 0x0a, 0x0f,
    0x6e, 0x65, 0x78, 0x74, 0x5f, 0x70, 0x61, 0x67, 0x65, 0x5f, 0x74, 0x6f, 0x6b, 0x65, 0x6e, 0x18,
    0x02, 0x20, 0x01, 0x28, 0x09, 0x42, 0x03, 0xe0, 0x41, 0x02, 0x52, 0x0d, 0x6e, 0x65, 0x78, 0x74,
    0x50, 0x61, 0x67, 0x65, 0x54, 0x6f, 0x6b, 0x65, 0x6e, 0x2a, 0x83, 0x01, 0x0a, 0x1b, 0x41, 0x75,
    0x74, 0x6f, 0x6d, 0x61, 0x74, 0x69, 0x6f, 0x6e, 0x54, 0x72, 0x69, 0x67, 0x67, 0x65, 0x72, 0x41,
    0x63, 0x74, 0x69, 0x6f, 0x6e, 0x4b, 0x69, 0x6e, 0x64, 0x12, 0x2e, 0x0a, 0x2a, 0x41, 0x55, 0x54,
    0x4f, 0x4d, 0x41, 0x54, 0x49, 0x4f, 0x4e, 0x5f, 0x54, 0x52, 0x49, 0x47, 0x47, 0x45, 0x52, 0x5f,
    0x41, 0x43, 0x54, 0x49, 0x4f, 0x4e, 0x5f, 0x4b, 0x49, 0x4e, 0x44, 0x5f, 0x55, 0x4e, 0x53, 0x50,
    0x45, 0x43, 0x49, 0x46, 0x49, 0x45, 0x44, 0x10, 0x00, 0x12, 0x34, 0x0a, 0x30, 0x41, 0x55, 0x54,
    0x4f, 0x4d, 0x41, 0x54, 0x49, 0x4f, 0x4e, 0x5f, 0x54, 0x52, 0x49, 0x47, 0x47, 0x45, 0x52, 0x5f,
    0x41, 0x43, 0x54, 0x49, 0x4f, 0x4e, 0x5f, 0x4b, 0x49, 0x4e, 0x44, 0x5f, 0x43, 0x41, 0x4e, 0x56,
    0x41, 0x53, 0x5f, 0x45, 0x56, 0x41, 0x4c, 0x55, 0x41, 0x54, 0x49, 0x4f, 0x4e, 0x10, 0x01, 0x2a,
    0xb0, 0x02, 0x0a, 0x21, 0x41, 0x75, 0x74, 0x6f, 0x6d, 0x61, 0x74, 0x69, 0x6f, 0x6e, 0x54, 0x72,
    0x69, 0x67, 0x67, 0x65, 0x72, 0x52, 0x75, 0x6e, 0x4e, 0x61, 0x6d, 0x65, 0x4d, 0x61, 0x74, 0x63,
    0x68, 0x4b, 0x69, 0x6e, 0x64, 0x12, 0x36, 0x0a, 0x32, 0x41, 0x55, 0x54, 0x4f, 0x4d, 0x41, 0x54,
    0x49, 0x4f, 0x4e, 0x5f, 0x54, 0x52, 0x49, 0x47, 0x47, 0x45, 0x52, 0x5f, 0x52, 0x55, 0x4e, 0x5f,
    0x4e, 0x41, 0x4d, 0x45, 0x5f, 0x4d, 0x41, 0x54, 0x43, 0x48, 0x5f, 0x4b, 0x49, 0x4e, 0x44, 0x5f,
    0x55, 0x4e, 0x53, 0x50, 0x45, 0x43, 0x49, 0x46, 0x49, 0x45, 0x44, 0x10, 0x00, 0x12, 0x36, 0x0a,
    0x32, 0x41, 0x55, 0x54, 0x4f, 0x4d, 0x41, 0x54, 0x49, 0x4f, 0x4e, 0x5f, 0x54, 0x52, 0x49, 0x47,
    0x47, 0x45, 0x52, 0x5f, 0x52, 0x55, 0x4e, 0x5f, 0x4e, 0x41, 0x4d, 0x45, 0x5f, 0x4d, 0x41, 0x54,
    0x43, 0x48, 0x5f, 0x4b, 0x49, 0x4e, 0x44, 0x5f, 0x53, 0x54, 0x41, 0x52, 0x54, 0x53, 0x5f, 0x57,
    0x49, 0x54, 0x48, 0x10, 0x01, 0x12, 0x34, 0x0a, 0x30, 0x41, 0x55, 0x54, 0x4f, 0x4d, 0x41, 0x54,
    0x49, 0x4f, 0x4e, 0x5f, 0x54, 0x52, 0x49, 0x47, 0x47, 0x45, 0x52, 0x5f, 0x52, 0x55, 0x4e, 0x5f,
    0x4e, 0x41, 0x4d, 0x45, 0x5f, 0x4d, 0x41, 0x54, 0x43, 0x48, 0x5f, 0x4b, 0x49, 0x4e, 0x44, 0x5f,
    0x45, 0x4e, 0x44, 0x53, 0x5f, 0x57, 0x49, 0x54, 0x48, 0x10, 0x02, 0x12, 0x33, 0x0a, 0x2f, 0x41,
    0x55, 0x54, 0x4f, 0x4d, 0x41, 0x54, 0x49, 0x4f, 0x4e, 0x5f, 0x54, 0x52, 0x49, 0x47, 0x47, 0x45,
    0x52, 0x5f, 0x52, 0x55, 0x4e, 0x5f, 0x4e, 0x41, 0x4d, 0x45, 0x5f, 0x4d, 0x41, 0x54, 0x43, 0x48,
    0x5f, 0x4b, 0x49, 0x4e, 0x44, 0x5f, 0x43, 0x4f, 0x4e, 0x54, 0x41, 0x49, 0x4e, 0x53, 0x10, 0x03,
    0x12, 0x30, 0x0a, 0x2c, 0x41, 0x55, 0x54, 0x4f, 0x4d, 0x41, 0x54, 0x49, 0x4f, 0x4e, 0x5f, 0x54,
    0x52, 0x49, 0x47, 0x47, 0x45, 0x52, 0x5f, 0x52, 0x55, 0x4e, 0x5f, 0x4e, 0x41, 0x4d, 0x45, 0x5f,
    0x4d, 0x41, 0x54, 0x43, 0x48, 0x5f, 0x4b, 0x49, 0x4e, 0x44, 0x5f, 0x52, 0x45, 0x47, 0x45, 0x58,
    0x10, 0x04, 0x2a, 0xbe, 0x01, 0x0a, 0x1c, 0x41, 0x75, 0x74, 0x6f, 0x6d, 0x61, 0x74, 0x69, 0x6f,
    0x6e, 0x54, 0x72, 0x69, 0x67, 0x67, 0x65, 0x72, 0x50, 0x61, 0x72, 0x61, 0x6d, 0x53, 0x6f, 0x75,
    0x72, 0x63, 0x65, 0x12, 0x2f, 0x0a, 0x2b, 0x41, 0x55, 0x54, 0x4f, 0x4d, 0x41, 0x54, 0x49, 0x4f,
    0x4e, 0x5f, 0x54, 0x52, 0x49, 0x47, 0x47, 0x45, 0x52, 0x5f, 0x50, 0x41, 0x52, 0x41, 0x4d, 0x5f,
    0x53, 0x4f, 0x55, 0x52, 0x43, 0x45, 0x5f, 0x55, 0x4e, 0x53, 0x50, 0x45, 0x43, 0x49, 0x46, 0x49,
    0x45, 0x44, 0x10, 0x00, 0x12, 0x32, 0x0a, 0x2e, 0x41, 0x55, 0x54, 0x4f, 0x4d, 0x41, 0x54, 0x49,
    0x4f, 0x4e, 0x5f, 0x54, 0x52, 0x49, 0x47, 0x47, 0x45, 0x52, 0x5f, 0x50, 0x41, 0x52, 0x41, 0x4d,
    0x5f, 0x53, 0x4f, 0x55, 0x52, 0x43, 0x45, 0x5f, 0x54, 0x52, 0x49, 0x47, 0x47, 0x45, 0x52, 0x49,
    0x4e, 0x47, 0x5f, 0x52, 0x55, 0x4e, 0x10, 0x01, 0x12, 0x39, 0x0a, 0x35, 0x41, 0x55, 0x54, 0x4f,
    0x4d, 0x41, 0x54, 0x49, 0x4f, 0x4e, 0x5f, 0x54, 0x52, 0x49, 0x47, 0x47, 0x45, 0x52, 0x5f, 0x50,
    0x41, 0x52, 0x41, 0x4d, 0x5f, 0x53, 0x4f, 0x55, 0x52, 0x43, 0x45, 0x5f, 0x54, 0x52, 0x49, 0x47,
    0x47, 0x45, 0x52, 0x49, 0x4e, 0x47, 0x5f, 0x52, 0x55, 0x4e, 0x5f, 0x41, 0x53, 0x53, 0x45, 0x54,
    0x53, 0x10, 0x02, 0x2a, 0xb9, 0x02, 0x0a, 0x1d, 0x41, 0x75, 0x74, 0x6f, 0x6d, 0x61, 0x74, 0x69,
    0x6f, 0x6e, 0x54, 0x72, 0x69, 0x67, 0x67, 0x65, 0x72, 0x65, 0x64, 0x45, 0x76, 0x65, 0x6e, 0x74,
    0x53, 0x74, 0x61, 0x74, 0x65, 0x12, 0x30, 0x0a, 0x2c, 0x41, 0x55, 0x54, 0x4f, 0x4d, 0x41, 0x54,
    0x49, 0x4f, 0x4e, 0x5f, 0x54, 0x52, 0x49, 0x47, 0x47, 0x45, 0x52, 0x45, 0x44, 0x5f, 0x45, 0x56,
    0x45, 0x4e, 0x54, 0x5f, 0x53, 0x54, 0x41, 0x54, 0x45, 0x5f, 0x55, 0x4e, 0x53, 0x50, 0x45, 0x43,
    0x49, 0x46, 0x49, 0x45, 0x44, 0x10, 0x00, 0x12, 0x2c, 0x0a, 0x28, 0x41, 0x55, 0x54, 0x4f, 0x4d,
    0x41, 0x54, 0x49, 0x4f, 0x4e, 0x5f, 0x54, 0x52, 0x49, 0x47, 0x47, 0x45, 0x52, 0x45, 0x44, 0x5f,
    0x45, 0x56, 0x45, 0x4e, 0x54, 0x5f, 0x53, 0x54, 0x41, 0x54, 0x45, 0x5f, 0x57, 0x41, 0x49, 0x54,
    0x49, 0x4e, 0x47, 0x10, 0x01, 0x12, 0x30, 0x0a, 0x2c, 0x41, 0x55, 0x54, 0x4f, 0x4d, 0x41, 0x54,
    0x49, 0x4f, 0x4e, 0x5f, 0x54, 0x52, 0x49, 0x47, 0x47, 0x45, 0x52, 0x45, 0x44, 0x5f, 0x45, 0x56,
    0x45, 0x4e, 0x54, 0x5f, 0x53, 0x54, 0x41, 0x54, 0x45, 0x5f, 0x44, 0x49, 0x53, 0x50, 0x41, 0x54,
    0x43, 0x48, 0x49, 0x4e, 0x47, 0x10, 0x02, 0x12, 0x29, 0x0a, 0x25, 0x41, 0x55, 0x54, 0x4f, 0x4d,
    0x41, 0x54, 0x49, 0x4f, 0x4e, 0x5f, 0x54, 0x52, 0x49, 0x47, 0x47, 0x45, 0x52, 0x45, 0x44, 0x5f,
    0x45, 0x56, 0x45, 0x4e, 0x54, 0x5f, 0x53, 0x54, 0x41, 0x54, 0x45, 0x5f, 0x44, 0x4f, 0x4e, 0x45,
    0x10, 0x03, 0x12, 0x2b, 0x0a, 0x27, 0x41, 0x55, 0x54, 0x4f, 0x4d, 0x41, 0x54, 0x49, 0x4f, 0x4e,
    0x5f, 0x54, 0x52, 0x49, 0x47, 0x47, 0x45, 0x52, 0x45, 0x44, 0x5f, 0x45, 0x56, 0x45, 0x4e, 0x54,
    0x5f, 0x53, 0x54, 0x41, 0x54, 0x45, 0x5f, 0x46, 0x41, 0x49, 0x4c, 0x45, 0x44, 0x10, 0x04, 0x12,
    0x2e, 0x0a, 0x2a, 0x41, 0x55, 0x54, 0x4f, 0x4d, 0x41, 0x54, 0x49, 0x4f, 0x4e, 0x5f, 0x54, 0x52,
    0x49, 0x47, 0x47, 0x45, 0x52, 0x45, 0x44, 0x5f, 0x45, 0x56, 0x45, 0x4e, 0x54, 0x5f, 0x53, 0x54,
    0x41, 0x54, 0x45, 0x5f, 0x43, 0x41, 0x4e, 0x43, 0x45, 0x4c, 0x4c, 0x45, 0x44, 0x10, 0x05, 0x32,
    0xc5, 0x0c, 0x0a, 0x11, 0x41, 0x75, 0x74, 0x6f, 0x6d, 0x61, 0x74, 0x69, 0x6f, 0x6e, 0x53, 0x65,
    0x72, 0x76, 0x69, 0x63, 0x65, 0x12, 0xf6, 0x01, 0x0a, 0x14, 0x47, 0x65, 0x74, 0x41, 0x75, 0x74,
    0x6f, 0x6d, 0x61, 0x74, 0x69, 0x6f, 0x6e, 0x54, 0x72, 0x69, 0x67, 0x67, 0x65, 0x72, 0x12, 0x2f,
    0x2e, 0x73, 0x69, 0x66, 0x74, 0x2e, 0x61, 0x75, 0x74, 0x6f, 0x6d, 0x61, 0x74, 0x69, 0x6f, 0x6e,
    0x2e, 0x76, 0x31, 0x2e, 0x47, 0x65, 0x74, 0x41, 0x75, 0x74, 0x6f, 0x6d, 0x61, 0x74, 0x69, 0x6f,
    0x6e, 0x54, 0x72, 0x69, 0x67, 0x67, 0x65, 0x72, 0x52, 0x65, 0x71, 0x75, 0x65, 0x73, 0x74, 0x1a,
    0x30, 0x2e, 0x73, 0x69, 0x66, 0x74, 0x2e, 0x61, 0x75, 0x74, 0x6f, 0x6d, 0x61, 0x74, 0x69, 0x6f,
    0x6e, 0x2e, 0x76, 0x31, 0x2e, 0x47, 0x65, 0x74, 0x41, 0x75, 0x74, 0x6f, 0x6d, 0x61, 0x74, 0x69,
    0x6f, 0x6e, 0x54, 0x72, 0x69, 0x67, 0x67, 0x65, 0x72, 0x52, 0x65, 0x73, 0x70, 0x6f, 0x6e, 0x73,
    0x65, 0x22, 0x7b, 0x92, 0x41, 0x3d, 0x12, 0x14, 0x47, 0x65, 0x74, 0x41, 0x75, 0x74, 0x6f, 0x6d,
    0x61, 0x74, 0x69, 0x6f, 0x6e, 0x54, 0x72, 0x69, 0x67, 0x67, 0x65, 0x72, 0x1a, 0x25, 0x52, 0x65,
    0x74, 0x72, 0x69, 0x65, 0x76, 0x65, 0x20, 0x61, 0x6e, 0x20, 0x61, 0x75, 0x74, 0x6f, 0x6d, 0x61,
    0x74, 0x69, 0x6f, 0x6e, 0x20, 0x74, 0x72, 0x69, 0x67, 0x67, 0x65, 0x72, 0x20, 0x62, 0x79, 0x20,
    0x49, 0x44, 0x2e, 0x82, 0xd3, 0xe4, 0x93, 0x02, 0x35, 0x12, 0x33, 0x2f, 0x61, 0x70, 0x69, 0x2f,
    0x76, 0x31, 0x2f, 0x61, 0x75, 0x74, 0x6f, 0x6d, 0x61, 0x74, 0x69, 0x6f, 0x6e, 0x2d, 0x74, 0x72,
    0x69, 0x67, 0x67, 0x65, 0x72, 0x73, 0x2f, 0x7b, 0x61, 0x75, 0x74, 0x6f, 0x6d, 0x61, 0x74, 0x69,
    0x6f, 0x6e, 0x5f, 0x74, 0x72, 0x69, 0x67, 0x67, 0x65, 0x72, 0x5f, 0x69, 0x64, 0x7d, 0x12, 0xe5,
    0x01, 0x0a, 0x17, 0x43, 0x72, 0x65, 0x61, 0x74, 0x65, 0x41, 0x75, 0x74, 0x6f, 0x6d, 0x61, 0x74,
    0x69, 0x6f, 0x6e, 0x54, 0x72, 0x69, 0x67, 0x67, 0x65, 0x72, 0x12, 0x32, 0x2e, 0x73, 0x69, 0x66,
    0x74, 0x2e, 0x61, 0x75, 0x74, 0x6f, 0x6d, 0x61, 0x74, 0x69, 0x6f, 0x6e, 0x2e, 0x76, 0x31, 0x2e,
    0x43, 0x72, 0x65, 0x61, 0x74, 0x65, 0x41, 0x75, 0x74, 0x6f, 0x6d, 0x61, 0x74, 0x69, 0x6f, 0x6e,
    0x54, 0x72, 0x69, 0x67, 0x67, 0x65, 0x72, 0x52, 0x65, 0x71, 0x75, 0x65, 0x73, 0x74, 0x1a, 0x33,
    0x2e, 0x73, 0x69, 0x66, 0x74, 0x2e, 0x61, 0x75, 0x74, 0x6f, 0x6d, 0x61, 0x74, 0x69, 0x6f, 0x6e,
    0x2e, 0x76, 0x31, 0x2e, 0x43, 0x72, 0x65, 0x61, 0x74, 0x65, 0x41, 0x75, 0x74, 0x6f, 0x6d, 0x61,
    0x74, 0x69, 0x6f, 0x6e, 0x54, 0x72, 0x69, 0x67, 0x67, 0x65, 0x72, 0x52, 0x65, 0x73, 0x70, 0x6f,
    0x6e, 0x73, 0x65, 0x22, 0x61, 0x92, 0x41, 0x38, 0x12, 0x17, 0x43, 0x72, 0x65, 0x61, 0x74, 0x65,
    0x41, 0x75, 0x74, 0x6f, 0x6d, 0x61, 0x74, 0x69, 0x6f, 0x6e, 0x54, 0x72, 0x69, 0x67, 0x67, 0x65,
    0x72, 0x1a, 0x1d, 0x43, 0x72, 0x65, 0x61, 0x74, 0x65, 0x20, 0x61, 0x6e, 0x20, 0x61, 0x75, 0x74,
    0x6f, 0x6d, 0x61, 0x74, 0x69, 0x6f, 0x6e, 0x20, 0x74, 0x72, 0x69, 0x67, 0x67, 0x65, 0x72, 0x2e,
    0x82, 0xd3, 0xe4, 0x93, 0x02, 0x20, 0x3a, 0x01, 0x2a, 0x22, 0x1b, 0x2f, 0x61, 0x70, 0x69, 0x2f,
    0x76, 0x31, 0x2f, 0x61, 0x75, 0x74, 0x6f, 0x6d, 0x61, 0x74, 0x69, 0x6f, 0x6e, 0x2d, 0x74, 0x72,
    0x69, 0x67, 0x67, 0x65, 0x72, 0x73, 0x12, 0xff, 0x01, 0x0a, 0x17, 0x55, 0x70, 0x64, 0x61, 0x74,
    0x65, 0x41, 0x75, 0x74, 0x6f, 0x6d, 0x61, 0x74, 0x69, 0x6f, 0x6e, 0x54, 0x72, 0x69, 0x67, 0x67,
    0x65, 0x72, 0x12, 0x32, 0x2e, 0x73, 0x69, 0x66, 0x74, 0x2e, 0x61, 0x75, 0x74, 0x6f, 0x6d, 0x61,
    0x74, 0x69, 0x6f, 0x6e, 0x2e, 0x76, 0x31, 0x2e, 0x55, 0x70, 0x64, 0x61, 0x74, 0x65, 0x41, 0x75,
    0x74, 0x6f, 0x6d, 0x61, 0x74, 0x69, 0x6f, 0x6e, 0x54, 0x72, 0x69, 0x67, 0x67, 0x65, 0x72, 0x52,
    0x65, 0x71, 0x75, 0x65, 0x73, 0x74, 0x1a, 0x33, 0x2e, 0x73, 0x69, 0x66, 0x74, 0x2e, 0x61, 0x75,
    0x74, 0x6f, 0x6d, 0x61, 0x74, 0x69, 0x6f, 0x6e, 0x2e, 0x76, 0x31, 0x2e, 0x55, 0x70, 0x64, 0x61,
    0x74, 0x65, 0x41, 0x75, 0x74, 0x6f, 0x6d, 0x61, 0x74, 0x69, 0x6f, 0x6e, 0x54, 0x72, 0x69, 0x67,
    0x67, 0x65, 0x72, 0x52, 0x65, 0x73, 0x70, 0x6f, 0x6e, 0x73, 0x65, 0x22, 0x7b, 0x92, 0x41, 0x52,
    0x12, 0x17, 0x55, 0x70, 0x64, 0x61, 0x74, 0x65, 0x41, 0x75, 0x74, 0x6f, 0x6d, 0x61, 0x74, 0x69,
    0x6f, 0x6e, 0x54, 0x72, 0x69, 0x67, 0x67, 0x65, 0x72, 0x1a, 0x37, 0x55, 0x70, 0x64, 0x61, 0x74,
    0x65, 0x20, 0x73, 0x65, 0x6c, 0x65, 0x63, 0x74, 0x20, 0x66, 0x69, 0x65, 0x6c, 0x64, 0x73, 0x20,
    0x6f, 0x66, 0x20, 0x61, 0x6e, 0x20, 0x65, 0x78, 0x69, 0x73, 0x74, 0x69, 0x6e, 0x67, 0x20, 0x61,
    0x75, 0x74, 0x6f, 0x6d, 0x61, 0x74, 0x69, 0x6f, 0x6e, 0x20, 0x74, 0x72, 0x69, 0x67, 0x67, 0x65,
    0x72, 0x2e, 0x82, 0xd3, 0xe4, 0x93, 0x02, 0x20, 0x3a, 0x01, 0x2a, 0x32, 0x1b, 0x2f, 0x61, 0x70,
    0x69, 0x2f, 0x76, 0x31, 0x2f, 0x61, 0x75, 0x74, 0x6f, 0x6d, 0x61, 0x74, 0x69, 0x6f, 0x6e, 0x2d,
    0x74, 0x72, 0x69, 0x67, 0x67, 0x65, 0x72, 0x73, 0x12, 0xfe, 0x01, 0x0a, 0x16, 0x4c, 0x69, 0x73,
    0x74, 0x41, 0x75, 0x74, 0x6f, 0x6d, 0x61, 0x74, 0x69, 0x6f, 0x6e, 0x54, 0x72, 0x69, 0x67, 0x67,
    0x65, 0x72, 0x73, 0x12, 0x31, 0x2e, 0x73, 0x69, 0x66, 0x74, 0x2e, 0x61, 0x75, 0x74, 0x6f, 0x6d,
    0x61, 0x74, 0x69, 0x6f, 0x6e, 0x2e, 0x76, 0x31, 0x2e, 0x4c, 0x69, 0x73, 0x74, 0x41, 0x75, 0x74,
    0x6f, 0x6d, 0x61, 0x74, 0x69, 0x6f, 0x6e, 0x54, 0x72, 0x69, 0x67, 0x67, 0x65, 0x72, 0x73, 0x52,
    0x65, 0x71, 0x75, 0x65, 0x73, 0x74, 0x1a, 0x32, 0x2e, 0x73, 0x69, 0x66, 0x74, 0x2e, 0x61, 0x75,
    0x74, 0x6f, 0x6d, 0x61, 0x74, 0x69, 0x6f, 0x6e, 0x2e, 0x76, 0x31, 0x2e, 0x4c, 0x69, 0x73, 0x74,
    0x41, 0x75, 0x74, 0x6f, 0x6d, 0x61, 0x74, 0x69, 0x6f, 0x6e, 0x54, 0x72, 0x69, 0x67, 0x67, 0x65,
    0x72, 0x73, 0x52, 0x65, 0x73, 0x70, 0x6f, 0x6e, 0x73, 0x65, 0x22, 0x7d, 0x92, 0x41, 0x57, 0x12,
    0x16, 0x4c, 0x69, 0x73, 0x74, 0x41, 0x75, 0x74, 0x6f, 0x6d, 0x61, 0x74, 0x69, 0x6f, 0x6e, 0x54,
    0x72, 0x69, 0x67, 0x67, 0x65, 0x72, 0x73, 0x1a, 0x3d, 0x52, 0x65, 0x74, 0x72, 0x69, 0x65, 0x76,
    0x65, 0x20, 0x61, 0x6e, 0x64, 0x20, 0x6f, 0x70, 0x74, 0x69, 0x6f, 0x6e, 0x61, 0x6c, 0x6c, 0x79,
    0x20, 0x66, 0x69, 0x6c, 0x74, 0x65, 0x72, 0x20, 0x61, 0x20, 0x6c, 0x69, 0x73, 0x74, 0x20, 0x6f,
    0x66, 0x20, 0x61, 0x75, 0x74, 0x6f, 0x6d, 0x61, 0x74, 0x69, 0x6f, 0x6e, 0x20, 0x74, 0x72, 0x69,
    0x67, 0x67, 0x65, 0x72, 0x73, 0x2e, 0x82, 0xd3, 0xe4, 0x93, 0x02, 0x1d, 0x12, 0x1b, 0x2f, 0x61,
    0x70, 0x69, 0x2f, 0x76, 0x31, 0x2f, 0x61, 0x75, 0x74, 0x6f, 0x6d, 0x61, 0x74, 0x69, 0x6f, 0x6e,
    0x2d, 0x74, 0x72, 0x69, 0x67, 0x67, 0x65, 0x72, 0x73, 0x12, 0x9d, 0x02, 0x0a, 0x17, 0x44, 0x65,
    0x6c, 0x65, 0x74, 0x65, 0x41, 0x75, 0x74, 0x6f, 0x6d, 0x61, 0x74, 0x69, 0x6f, 0x6e, 0x54, 0x72,
    0x69, 0x67, 0x67, 0x65, 0x72, 0x12, 0x32, 0x2e, 0x73, 0x69, 0x66, 0x74, 0x2e, 0x61, 0x75, 0x74,
    0x6f, 0x6d, 0x61, 0x74, 0x69, 0x6f, 0x6e, 0x2e, 0x76, 0x31, 0x2e, 0x44, 0x65, 0x6c, 0x65, 0x74,
    0x65, 0x41, 0x75, 0x74, 0x6f, 0x6d, 0x61, 0x74, 0x69, 0x6f, 0x6e, 0x54, 0x72, 0x69, 0x67, 0x67,
    0x65, 0x72, 0x52, 0x65, 0x71, 0x75, 0x65, 0x73, 0x74, 0x1a, 0x33, 0x2e, 0x73, 0x69, 0x66, 0x74,
    0x2e, 0x61, 0x75, 0x74, 0x6f, 0x6d, 0x61, 0x74, 0x69, 0x6f, 0x6e, 0x2e, 0x76, 0x31, 0x2e, 0x44,
    0x65, 0x6c, 0x65, 0x74, 0x65, 0x41, 0x75, 0x74, 0x6f, 0x6d, 0x61, 0x74, 0x69, 0x6f, 0x6e, 0x54,
    0x72, 0x69, 0x67, 0x67, 0x65, 0x72, 0x52, 0x65, 0x73, 0x70, 0x6f, 0x6e, 0x73, 0x65, 0x22, 0x98,
    0x01, 0x92, 0x41, 0x5a, 0x12, 0x17, 0x44, 0x65, 0x6c, 0x65, 0x74, 0x65, 0x41, 0x75, 0x74, 0x6f,
    0x6d, 0x61, 0x74, 0x69, 0x6f, 0x6e, 0x54, 0x72, 0x69, 0x67, 0x67, 0x65, 0x72, 0x1a, 0x3f, 0x53,
    0x6f, 0x66, 0x74, 0x2d, 0x64, 0x65, 0x6c, 0x65, 0x74, 0x65, 0x20, 0x61, 0x6e, 0x20, 0x61, 0x75,
    0x74, 0x6f, 0x6d, 0x61, 0x74, 0x69, 0x6f, 0x6e, 0x20, 0x74, 0x72, 0x69, 0x67, 0x67, 0x65, 0x72,
    0x20, 0x62, 0x79, 0x20, 0x73, 0x65, 0x74, 0x74, 0x69, 0x6e, 0x67, 0x20, 0x69, 0x74, 0x73, 0x20,
    0x61, 0x72, 0x63, 0x68, 0x69, 0x76, 0x65, 0x64, 0x5f, 0x64, 0x61, 0x74, 0x65, 0x2e, 0x82, 0xd3,
    0xe4, 0x93, 0x02, 0x35, 0x2a, 0x33, 0x2f, 0x61, 0x70, 0x69, 0x2f, 0x76, 0x31, 0x2f, 0x61, 0x75,
    0x74, 0x6f, 0x6d, 0x61, 0x74, 0x69, 0x6f, 0x6e, 0x2d, 0x74, 0x72, 0x69, 0x67, 0x67, 0x65, 0x72,
    0x73, 0x2f, 0x7b, 0x61, 0x75, 0x74, 0x6f, 0x6d, 0x61, 0x74, 0x69, 0x6f, 0x6e, 0x5f, 0x74, 0x72,
    0x69, 0x67, 0x67, 0x65, 0x72, 0x5f, 0x69, 0x64, 0x7d, 0x12, 0xab, 0x02, 0x0a, 0x1d, 0x4c, 0x69,
    0x73, 0x74, 0x41, 0x75, 0x74, 0x6f, 0x6d, 0x61, 0x74, 0x69, 0x6f, 0x6e, 0x54, 0x72, 0x69, 0x67,
    0x67, 0x65, 0x72, 0x65, 0x64, 0x45, 0x76, 0x65, 0x6e, 0x74, 0x73, 0x12, 0x38, 0x2e, 0x73, 0x69,
    0x66, 0x74, 0x2e, 0x61, 0x75, 0x74, 0x6f, 0x6d, 0x61, 0x74, 0x69, 0x6f, 0x6e, 0x2e, 0x76, 0x31,
    0x2e, 0x4c, 0x69, 0x73, 0x74, 0x41, 0x75, 0x74, 0x6f, 0x6d, 0x61, 0x74, 0x69, 0x6f, 0x6e, 0x54,
    0x72, 0x69, 0x67, 0x67, 0x65, 0x72, 0x65, 0x64, 0x45, 0x76, 0x65, 0x6e, 0x74, 0x73, 0x52, 0x65,
    0x71, 0x75, 0x65, 0x73, 0x74, 0x1a, 0x39, 0x2e, 0x73, 0x69, 0x66, 0x74, 0x2e, 0x61, 0x75, 0x74,
    0x6f, 0x6d, 0x61, 0x74, 0x69, 0x6f, 0x6e, 0x2e, 0x76, 0x31, 0x2e, 0x4c, 0x69, 0x73, 0x74, 0x41,
    0x75, 0x74, 0x6f, 0x6d, 0x61, 0x74, 0x69, 0x6f, 0x6e, 0x54, 0x72, 0x69, 0x67, 0x67, 0x65, 0x72,
    0x65, 0x64, 0x45, 0x76, 0x65, 0x6e, 0x74, 0x73, 0x52, 0x65, 0x73, 0x70, 0x6f, 0x6e, 0x73, 0x65,
    0x22, 0x94, 0x01, 0x92, 0x41, 0x66, 0x12, 0x1d, 0x4c, 0x69, 0x73, 0x74, 0x41, 0x75, 0x74, 0x6f,
    0x6d, 0x61, 0x74, 0x69, 0x6f, 0x6e, 0x54, 0x72, 0x69, 0x67, 0x67, 0x65, 0x72, 0x65, 0x64, 0x45,
    0x76, 0x65, 0x6e, 0x74, 0x73, 0x1a, 0x45, 0x52, 0x65, 0x74, 0x72, 0x69, 0x65, 0x76, 0x65, 0x20,
    0x61, 0x6e, 0x64, 0x20, 0x6f, 0x70, 0x74, 0x69, 0x6f, 0x6e, 0x61, 0x6c, 0x6c, 0x79, 0x20, 0x66,
    0x69, 0x6c, 0x74, 0x65, 0x72, 0x20, 0x61, 0x20, 0x6c, 0x69, 0x73, 0x74, 0x20, 0x6f, 0x66, 0x20,
    0x61, 0x75, 0x74, 0x6f, 0x6d, 0x61, 0x74, 0x69, 0x6f, 0x6e, 0x20, 0x74, 0x72, 0x69, 0x67, 0x67,
    0x65, 0x72, 0x65, 0x64, 0x20, 0x65, 0x76, 0x65, 0x6e, 0x74, 0x73, 0x2e, 0x82, 0xd3, 0xe4, 0x93,
    0x02, 0x25, 0x12, 0x23, 0x2f, 0x61, 0x70, 0x69, 0x2f, 0x76, 0x31, 0x2f, 0x61, 0x75, 0x74, 0x6f,
    0x6d, 0x61, 0x74, 0x69, 0x6f, 0x6e, 0x2d, 0x74, 0x72, 0x69, 0x67, 0x67, 0x65, 0x72, 0x65, 0x64,
    0x2d, 0x65, 0x76, 0x65, 0x6e, 0x74, 0x73, 0x42, 0x93, 0x01, 0x0a, 0x16, 0x63, 0x6f, 0x6d, 0x2e,
    0x73, 0x69, 0x66, 0x74, 0x2e, 0x61, 0x75, 0x74, 0x6f, 0x6d, 0x61, 0x74, 0x69, 0x6f, 0x6e, 0x2e,
    0x76, 0x31, 0x42, 0x0f, 0x41, 0x75, 0x74, 0x6f, 0x6d, 0x61, 0x74, 0x69, 0x6f, 0x6e, 0x50, 0x72,
    0x6f, 0x74, 0x6f, 0x50, 0x01, 0xa2, 0x02, 0x03, 0x53, 0x41, 0x58, 0xaa, 0x02, 0x12, 0x53, 0x69,
    0x66, 0x74, 0x2e, 0x41, 0x75, 0x74, 0x6f, 0x6d, 0x61, 0x74, 0x69, 0x6f, 0x6e, 0x2e, 0x56, 0x31,
    0xca, 0x02, 0x12, 0x53, 0x69, 0x66, 0x74, 0x5c, 0x41, 0x75, 0x74, 0x6f, 0x6d, 0x61, 0x74, 0x69,
    0x6f, 0x6e, 0x5c, 0x56, 0x31, 0xe2, 0x02, 0x1e, 0x53, 0x69, 0x66, 0x74, 0x5c, 0x41, 0x75, 0x74,
    0x6f, 0x6d, 0x61, 0x74, 0x69, 0x6f, 0x6e, 0x5c, 0x56, 0x31, 0x5c, 0x47, 0x50, 0x42, 0x4d, 0x65,
    0x74, 0x61, 0x64, 0x61, 0x74, 0x61, 0xea, 0x02, 0x14, 0x53, 0x69, 0x66, 0x74, 0x3a, 0x3a, 0x41,
    0x75, 0x74, 0x6f, 0x6d, 0x61, 0x74, 0x69, 0x6f, 0x6e, 0x3a, 0x3a, 0x56, 0x31, 0x4a, 0x97, 0x78,
    0x0a, 0x07, 0x12, 0x05, 0x00, 0x00, 0xd2, 0x02, 0x01, 0x0a, 0x08, 0x0a, 0x01, 0x0c, 0x12, 0x03,
    0x00, 0x00, 0x12, 0x0a, 0x08, 0x0a, 0x01, 0x02, 0x12, 0x03, 0x02, 0x00, 0x1b, 0x0a, 0x09, 0x0a,
    0x02, 0x03, 0x00, 0x12, 0x03, 0x04, 0x00, 0x26, 0x0a, 0x09, 0x0a, 0x02, 0x03, 0x01, 0x12, 0x03,
    0x05, 0x00, 0x29, 0x0a, 0x09, 0x0a, 0x02, 0x03, 0x02, 0x12, 0x03, 0x06, 0x00, 0x2a, 0x0a, 0x09,
    0x0a, 0x02, 0x03, 0x03, 0x12, 0x03, 0x07, 0x00, 0x26, 0x0a, 0x09, 0x0a, 0x02, 0x03, 0x04, 0x12,
    0x03, 0x08, 0x00, 0x29, 0x0a, 0x09, 0x0a, 0x02, 0x03, 0x05, 0x12, 0x03, 0x09, 0x00, 0x38, 0x0a,
    0xf8, 0x02, 0x0a, 0x02, 0x06, 0x00, 0x12, 0x04, 0x11, 0x00, 0x54, 0x01, 0x1a, 0xeb, 0x02, 0x20,
    0x41, 0x75, 0x74, 0x6f, 0x6d, 0x61, 0x74, 0x69, 0x6f, 0x6e, 0x53, 0x65, 0x72, 0x76, 0x69, 0x63,
    0x65, 0x20, 0x6d, 0x61, 0x6e, 0x61, 0x67, 0x65, 0x73, 0x20, 0x43, 0x61, 0x6e, 0x76, 0x61, 0x73,
    0x20, 0x53, 0x63, 0x68, 0x65, 0x64, 0x75, 0x6c, 0x65, 0x72, 0x20, 0x61, 0x75, 0x74, 0x6f, 0x6d,
    0x61, 0x74, 0x69, 0x6f, 0x6e, 0x20, 0x74, 0x72, 0x69, 0x67, 0x67, 0x65, 0x72, 0x73, 0x2e, 0x20,
    0x41, 0x6e, 0x0a, 0x20, 0x61, 0x75, 0x74, 0x6f, 0x6d, 0x61, 0x74, 0x69, 0x6f, 0x6e, 0x20, 0x74,
    0x72, 0x69, 0x67, 0x67, 0x65, 0x72, 0x20, 0x66, 0x69, 0x72, 0x65, 0x73, 0x20, 0x77, 0x68, 0x65,
    0x6e, 0x20, 0x61, 0x20, 0x70, 0x72, 0x6f, 0x64, 0x75, 0x63, 0x65, 0x72, 0x20, 0x28, 0x76, 0x31,
    0x3a, 0x20, 0x52, 0x75, 0x6e, 0x53, 0x65, 0x72, 0x76, 0x69, 0x63, 0x65, 0x2e, 0x53, 0x74, 0x6f,
    0x70, 0x52, 0x75, 0x6e, 0x29, 0x0a, 0x20, 0x6f, 0x62, 0x73, 0x65, 0x72, 0x76, 0x65, 0x73, 0x20,
    0x61, 0x20, 0x52, 0x75, 0x6e, 0x20, 0x77, 0x68, 0x6f, 0x73, 0x65, 0x20, 0x6d, 0x65, 0x74, 0x61,
    0x64, 0x61, 0x74, 0x61, 0x20, 0x6d, 0x61, 0x74, 0x63, 0x68, 0x65, 0x73, 0x20, 0x74, 0x68, 0x65,
    0x20, 0x74, 0x72, 0x69, 0x67, 0x67, 0x65, 0x72, 0x27, 0x73, 0x20, 0x6d, 0x61, 0x74, 0x63, 0x68,
    0x20, 0x66, 0x69, 0x6c, 0x74, 0x65, 0x72, 0x3b, 0x20, 0x74, 0x68, 0x65, 0x0a, 0x20, 0x72, 0x65,
    0x73, 0x75, 0x6c, 0x74, 0x69, 0x6e, 0x67, 0x20, 0x61, 0x75, 0x74, 0x6f, 0x6d, 0x61, 0x74, 0x69,
    0x6f, 0x6e, 0x5f, 0x74, 0x72, 0x69, 0x67, 0x67, 0x65, 0x72, 0x65, 0x64, 0x5f, 0x65, 0x76, 0x65,
    0x6e, 0x74, 0x73, 0x20, 0x72, 0x6f, 0x77, 0x20, 0x69, 0x73, 0x20, 0x64, 0x69, 0x73, 0x70, 0x61,
    0x74, 0x63, 0x68, 0x65, 0x64, 0x20, 0x62, 0x79, 0x20, 0x74, 0x68, 0x65, 0x0a, 0x20, 0x61, 0x75,
    0x74, 0x6f, 0x6d, 0x61, 0x74, 0x69, 0x6f, 0x6e, 0x20, 0x77, 0x6f, 0x72, 0x6b, 0x65, 0x72, 0x20,
    0x61, 0x66, 0x74, 0x65, 0x72, 0x20, 0x61, 0x20, 0x62, 0x6f, 0x75, 0x6e, 0x64, 0x65, 0x64, 0x20,
    0x77, 0x61, 0x69, 0x74, 0x2c, 0x20, 0x63, 0x75, 0x72, 0x72, 0x65, 0x6e, 0x74, 0x6c, 0x79, 0x20,
    0x62, 0x79, 0x20, 0x63, 0x61, 0x6c, 0x6c, 0x69, 0x6e, 0x67, 0x0a, 0x20, 0x43, 0x61, 0x6e, 0x76,
    0x61, 0x73, 0x53, 0x65, 0x72, 0x76, 0x69, 0x63, 0x65, 0x2e, 0x45, 0x76, 0x61, 0x6c, 0x75, 0x61,
    0x74, 0x65, 0x43, 0x61, 0x6e, 0x76, 0x61, 0x73, 0x2e, 0x0a, 0x0a, 0x0a, 0x0a, 0x03, 0x06, 0x00,
    0x01, 0x12, 0x03, 0x11, 0x08, 0x19, 0x0a, 0x35, 0x0a, 0x04, 0x06, 0x00, 0x02, 0x00, 0x12, 0x04,
    0x13, 0x02, 0x19, 0x03, 0x1a, 0x27, 0x20, 0x52, 0x65, 0x74, 0x72, 0x69, 0x65, 0x76, 0x65, 0x20,
    0x61, 0x6e, 0x20, 0x61, 0x75, 0x74, 0x6f, 0x6d, 0x61, 0x74, 0x69, 0x6f, 0x6e, 0x20, 0x74, 0x72,
    0x69, 0x67, 0x67, 0x65, 0x72, 0x20, 0x62, 0x79, 0x20, 0x49, 0x44, 0x2e, 0x0a, 0x0a, 0x0c, 0x0a,
    0x05, 0x06, 0x00, 0x02, 0x00, 0x01, 0x12, 0x03, 0x13, 0x06, 0x1a, 0x0a, 0x0c, 0x0a, 0x05, 0x06,
    0x00, 0x02, 0x00, 0x02, 0x12, 0x03, 0x13, 0x1b, 0x36, 0x0a, 0x0c, 0x0a, 0x05, 0x06, 0x00, 0x02,
    0x00, 0x03, 0x12, 0x03, 0x13, 0x41, 0x5d, 0x0a, 0x0c, 0x0a, 0x05, 0x06, 0x00, 0x02, 0x00, 0x04,
    0x12, 0x03, 0x14, 0x04, 0x5c, 0x0a, 0x10, 0x0a, 0x09, 0x06, 0x00, 0x02, 0x00, 0x04, 0xb0, 0xca,
    0xbc, 0x22, 0x12, 0x03, 0x14, 0x0b, 0x5b, 0x0a, 0x11, 0x0a, 0x0a, 0x06, 0x00, 0x02, 0x00, 0x04,
    0xb0, 0xca, 0xbc, 0x22, 0x02, 0x12, 0x03, 0x14, 0x20, 0x5a, 0x0a, 0x0d, 0x0a, 0x05, 0x06, 0x00,
    0x02, 0x00, 0x04, 0x12, 0x04, 0x15, 0x04, 0x18, 0x06, 0x0a, 0x0f, 0x0a, 0x07, 0x06, 0x00, 0x02,
    0x00, 0x04, 0x92, 0x08, 0x12, 0x04, 0x15, 0x0b, 0x18, 0x05, 0x0a, 0x0f, 0x0a, 0x08, 0x06, 0x00,
    0x02, 0x00, 0x04, 0x92, 0x08, 0x02, 0x12, 0x03, 0x16, 0x06, 0x25, 0x0a, 0x0f, 0x0a, 0x08, 0x06,
    0x00, 0x02, 0x00, 0x04, 0x92, 0x08, 0x03, 0x12, 0x03, 0x17, 0x06, 0x3a, 0x0a, 0x2d, 0x0a, 0x04,
    0x06, 0x00, 0x02, 0x01, 0x12, 0x04, 0x1c, 0x02, 0x25, 0x03, 0x1a, 0x1f, 0x20, 0x43, 0x72, 0x65,
    0x61, 0x74, 0x65, 0x20, 0x61, 0x6e, 0x20, 0x61, 0x75, 0x74, 0x6f, 0x6d, 0x61, 0x74, 0x69, 0x6f,
    0x6e, 0x20, 0x74, 0x72, 0x69, 0x67, 0x67, 0x65, 0x72, 0x2e, 0x0a, 0x0a, 0x0c, 0x0a, 0x05, 0x06,
    0x00, 0x02, 0x01, 0x01, 0x12, 0x03, 0x1c, 0x06, 0x1d, 0x0a, 0x0c, 0x0a, 0x05, 0x06, 0x00, 0x02,
    0x01, 0x02, 0x12, 0x03, 0x1c, 0x1e, 0x3c, 0x0a, 0x0c, 0x0a, 0x05, 0x06, 0x00, 0x02, 0x01, 0x03,
    0x12, 0x03, 0x1c, 0x47, 0x66, 0x0a, 0x0d, 0x0a, 0x05, 0x06, 0x00, 0x02, 0x01, 0x04, 0x12, 0x04,
    0x1d, 0x04, 0x20, 0x06, 0x0a, 0x11, 0x0a, 0x09, 0x06, 0x00, 0x02, 0x01, 0x04, 0xb0, 0xca, 0xbc,
    0x22, 0x12, 0x04, 0x1d, 0x0b, 0x20, 0x05, 0x0a, 0x11, 0x0a, 0x0a, 0x06, 0x00, 0x02, 0x01, 0x04,
    0xb0, 0xca, 0xbc, 0x22, 0x04, 0x12, 0x03, 0x1e, 0x06, 0x29, 0x0a, 0x11, 0x0a, 0x0a, 0x06, 0x00,
    0x02, 0x01, 0x04, 0xb0, 0xca, 0xbc, 0x22, 0x07, 0x12, 0x03, 0x1f, 0x06, 0x0f, 0x0a, 0x0d, 0x0a,
    0x05, 0x06, 0x00, 0x02, 0x01, 0x04, 0x12, 0x04, 0x21, 0x04, 0x24, 0x06, 0x0a, 0x0f, 0x0a, 0x07,
    0x06, 0x00, 0x02, 0x01, 0x04, 0x92, 0x08, 0x12, 0x04, 0x21, 0x0b, 0x24, 0x05, 0x0a, 0x0f, 0x0a,
    0x08, 0x06, 0x00, 0x02, 0x01, 0x04, 0x92, 0x08, 0x02, 0x12, 0x03, 0x22, 0x06, 0x28, 0x0a, 0x0f,
    0x0a, 0x08, 0x06, 0x00, 0x02, 0x01, 0x04, 0x92, 0x08, 0x03, 0x12, 0x03, 0x23, 0x06, 0x32, 0x0a,
    0xb1, 0x01, 0x0a, 0x04, 0x06, 0x00, 0x02, 0x02, 0x12, 0x04, 0x2a, 0x02, 0x33, 0x03, 0x1a, 0xa2,
    0x01, 0x20, 0x55, 0x70, 0x64, 0x61, 0x74, 0x65, 0x20, 0x73, 0x65, 0x6c, 0x65, 0x63, 0x74, 0x20,
    0x66, 0x69, 0x65, 0x6c, 0x64, 0x73, 0x20, 0x6f, 0x66, 0x20, 0x61, 0x6e, 0x20, 0x65, 0x78, 0x69,
    0x73, 0x74, 0x69, 0x6e, 0x67, 0x20, 0x61, 0x75, 0x74, 0x6f, 0x6d, 0x61, 0x74, 0x69, 0x6f, 0x6e,
    0x20, 0x74, 0x72, 0x69, 0x67, 0x67, 0x65, 0x72, 0x2e, 0x20, 0x54, 0x6f, 0x20, 0x65, 0x6e, 0x61,
    0x62, 0x6c, 0x65, 0x20, 0x6f, 0x72, 0x0a, 0x20, 0x64, 0x69, 0x73, 0x61, 0x62, 0x6c, 0x65, 0x20,
    0x61, 0x20, 0x74, 0x72, 0x69, 0x67, 0x67, 0x65, 0x72, 0x20, 0x73, 0x65, 0x74, 0x20, 0x74, 0x68,
    0x65, 0x20, 0x60, 0x69, 0x73, 0x5f, 0x65, 0x6e, 0x61, 0x62, 0x6c, 0x65, 0x64, 0x60, 0x20, 0x66,
    0x69, 0x65, 0x6c, 0x64, 0x20, 0x61, 0x6e, 0x64, 0x20, 0x69, 0x6e, 0x63, 0x6c, 0x75, 0x64, 0x65,
    0x20, 0x60, 0x69, 0x73, 0x5f, 0x65, 0x6e, 0x61, 0x62, 0x6c, 0x65, 0x64, 0x60, 0x20, 0x69, 0x6e,
    0x0a, 0x20, 0x74, 0x68, 0x65, 0x20, 0x75, 0x70, 0x64, 0x61, 0x74, 0x65, 0x20, 0x6d, 0x61, 0x73,
    0x6b, 0x2e, 0x0a, 0x0a, 0x0c, 0x0a, 0x05, 0x06, 0x00, 0x02, 0x02, 0x01, 0x12, 0x03, 0x2a, 0x06,
    0x1d, 0x0a, 0x0c, 0x0a, 0x05, 0x06, 0x00, 0x02, 0x02, 0x02, 0x12, 0x03, 0x2a, 0x1e, 0x3c, 0x0a,
    0x0c, 0x0a, 0x05, 0x06, 0x00, 0x02, 0x02, 0x03, 0x12, 0x03, 0x2a, 0x47, 0x66, 0x0a, 0x0d, 0x0a,
    0x05, 0x06, 0x00, 0x02, 0x02, 0x04, 0x12, 0x04, 0x2b, 0x04, 0x2e, 0x06, 0x0a, 0x11, 0x0a, 0x09,
    0x06, 0x00, 0x02, 0x02, 0x04, 0xb0, 0xca, 0xbc, 0x22, 0x12, 0x04, 0x2b, 0x0b, 0x2e, 0x05, 0x0a,
    0x11, 0x0a, 0x0a, 0x06, 0x00, 0x02, 0x02, 0x04, 0xb0, 0xca, 0xbc, 0x22, 0x06, 0x12, 0x03, 0x2c,
    0x06, 0x2a, 0x0a, 0x11, 0x0a, 0x0a, 0x06, 0x00, 0x02, 0x02, 0x04, 0xb0, 0xca, 0xbc, 0x22, 0x07,
    0x12, 0x03, 0x2d, 0x06, 0x0f, 0x0a, 0x0d, 0x0a, 0x05, 0x06, 0x00, 0x02, 0x02, 0x04, 0x12, 0x04,
    0x2f, 0x04, 0x32, 0x06, 0x0a, 0x0f, 0x0a, 0x07, 0x06, 0x00, 0x02, 0x02, 0x04, 0x92, 0x08, 0x12,
    0x04, 0x2f, 0x0b, 0x32, 0x05, 0x0a, 0x0f, 0x0a, 0x08, 0x06, 0x00, 0x02, 0x02, 0x04, 0x92, 0x08,
    0x02, 0x12, 0x03, 0x30, 0x06, 0x28, 0x0a, 0x0f, 0x0a, 0x08, 0x06, 0x00, 0x02, 0x02, 0x04, 0x92,
    0x08, 0x03, 0x12, 0x03, 0x31, 0x06, 0x4c, 0x0a, 0x4d, 0x0a, 0x04, 0x06, 0x00, 0x02, 0x03, 0x12,
    0x04, 0x36, 0x02, 0x3c, 0x03, 0x1a, 0x3f, 0x20, 0x52, 0x65, 0x74, 0x72, 0x69, 0x65, 0x76, 0x65,
    0x20, 0x61, 0x6e, 0x64, 0x20, 0x6f, 0x70, 0x74, 0x69, 0x6f, 0x6e, 0x61, 0x6c, 0x6c, 0x79, 0x20,
    0x66, 0x69, 0x6c, 0x74, 0x65, 0x72, 0x20, 0x61, 0x20, 0x6c, 0x69, 0x73, 0x74, 0x20, 0x6f, 0x66,
    0x20, 0x61, 0x75, 0x74, 0x6f, 0x6d, 0x61, 0x74, 0x69, 0x6f, 0x6e, 0x20, 0x74, 0x72, 0x69, 0x67,
    0x67, 0x65, 0x72, 0x73, 0x2e, 0x0a, 0x0a, 0x0c, 0x0a, 0x05, 0x06, 0x00, 0x02, 0x03, 0x01, 0x12,
    0x03, 0x36, 0x06, 0x1c, 0x0a, 0x0c, 0x0a, 0x05, 0x06, 0x00, 0x02, 0x03, 0x02, 0x12, 0x03, 0x36,
    0x1d, 0x3a, 0x0a, 0x0c, 0x0a, 0x05, 0x06, 0x00, 0x02, 0x03, 0x03, 0x12, 0x03, 0x36, 0x45, 0x63,
    0x0a, 0x0c, 0x0a, 0x05, 0x06, 0x00, 0x02, 0x03, 0x04, 0x12, 0x03, 0x37, 0x04, 0x44, 0x0a, 0x10,
    0x0a, 0x09, 0x06, 0x00, 0x02, 0x03, 0x04, 0xb0, 0xca, 0xbc, 0x22, 0x12, 0x03, 0x37, 0x0b, 0x43,
    0x0a, 0x11, 0x0a, 0x0a, 0x06, 0x00, 0x02, 0x03, 0x04, 0xb0, 0xca, 0xbc, 0x22, 0x02, 0x12, 0x03,
    0x37, 0x20, 0x42, 0x0a, 0x0d, 0x0a, 0x05, 0x06, 0x00, 0x02, 0x03, 0x04, 0x12, 0x04, 0x38, 0x04,
    0x3b, 0x06, 0x0a, 0x0f, 0x0a, 0x07, 0x06, 0x00, 0x02, 0x03, 0x04, 0x92, 0x08, 0x12, 0x04, 0x38,
    0x0b, 0x3b, 0x05, 0x0a, 0x0f, 0x0a, 0x08, 0x06, 0x00, 0x02, 0x03, 0x04, 0x92, 0x08, 0x02, 0x12,
    0x03, 0x39, 0x06, 0x27, 0x0a, 0x0f, 0x0a, 0x08, 0x06, 0x00, 0x02, 0x03, 0x04, 0x92, 0x08, 0x03,
    0x12, 0x03, 0x3a, 0x06, 0x52, 0x0a, 0x82, 0x02, 0x0a, 0x04, 0x06, 0x00, 0x02, 0x04, 0x12, 0x04,
    0x42, 0x02, 0x48, 0x03, 0x1a, 0xf3, 0x01, 0x20, 0x44, 0x65, 0x6c, 0x65, 0x74, 0x65, 0x20, 0x61,
    0x6e, 0x20, 0x61, 0x75, 0x74, 0x6f, 0x6d, 0x61, 0x74, 0x69, 0x6f, 0x6e, 0x20, 0x74, 0x72, 0x69,
    0x67, 0x67, 0x65, 0x72, 0x2e, 0x20, 0x53, 0x6f, 0x66, 0x74, 0x2d, 0x64, 0x65, 0x6c, 0x65, 0x74,
    0x65, 0x3a, 0x20, 0x73, 0x65, 0x74, 0x73, 0x20, 0x60, 0x61, 0x72, 0x63, 0x68, 0x69, 0x76, 0x65,
    0x64, 0x5f, 0x64, 0x61, 0x74, 0x65, 0x60, 0x20, 0x61, 0x6e, 0x64, 0x20, 0x68, 0x69, 0x64, 0x65,
    0x73, 0x0a, 0x20, 0x74, 0x68, 0x65, 0x20, 0x74, 0x72, 0x69, 0x67, 0x67, 0x65, 0x72, 0x20, 0x66,
    0x72, 0x6f, 0x6d, 0x20, 0x66, 0x75, 0x72, 0x74, 0x68, 0x65, 0x72, 0x20, 0x70, 0x72, 0x6f, 0x64,
    0x75, 0x63, 0x65, 0x72, 0x20, 0x6d, 0x61, 0x74, 0x63, 0x68, 0x65, 0x73, 0x2e, 0x20, 0x48, 0x69,
    0x73, 0x74, 0x6f, 0x72, 0x69, 0x63, 0x61, 0x6c, 0x0a, 0x20, 0x60, 0x61, 0x75, 0x74, 0x6f, 0x6d,
    0x61, 0x74, 0x69, 0x6f, 0x6e, 0x5f, 0x74, 0x72, 0x69, 0x67, 0x67, 0x65, 0x72, 0x65, 0x64, 0x5f,
    0x65, 0x76, 0x65, 0x6e, 0x74, 0x73, 0x60, 0x20, 0x72, 0x6f, 0x77, 0x73, 0x20, 0x73, 0x75, 0x72,
    0x76, 0x69, 0x76, 0x65, 0x20, 0x66, 0x6f, 0x72, 0x20, 0x74, 0x68, 0x65, 0x20, 0x72, 0x65, 0x74,
    0x65, 0x6e, 0x74, 0x69, 0x6f, 0x6e, 0x20, 0x77, 0x69, 0x6e, 0x64, 0x6f, 0x77, 0x20, 0x73, 0x6f,
    0x0a, 0x20, 0x70, 0x61, 0x73, 0x74, 0x20, 0x64, 0x69, 0x73, 0x70, 0x61, 0x74, 0x63, 0x68, 0x65,
    0x73, 0x20, 0x63, 0x61, 0x6e, 0x20, 0x73, 0x74, 0x69, 0x6c, 0x6c, 0x20, 0x62, 0x65, 0x20, 0x69,
    0x6e, 0x73, 0x70, 0x65, 0x63, 0x74, 0x65, 0x64, 0x2e, 0x0a, 0x0a, 0x0c, 0x0a, 0x05, 0x06, 0x00,
    0x02, 0x04, 0x01, 0x12, 0x03, 0x42, 0x06, 0x1d, 0x0a, 0x0c, 0x0a, 0x05, 0x06, 0x00, 0x02, 0x04,
    0x02, 0x12, 0x03, 0x42, 0x1e, 0x3c, 0x0a, 0x0c, 0x0a, 0x05, 0x06, 0x00, 0x02, 0x04, 0x03, 0x12,
    0x03, 0x42, 0x47, 0x66, 0x0a, 0x0c, 0x0a, 0x05, 0x06, 0x00, 0x02, 0x04, 0x04, 0x12, 0x03, 0x43,
    0x04, 0x5f, 0x0a, 0x10, 0x0a, 0x09, 0x06, 0x00, 0x02, 0x04, 0x04, 0xb0, 0xca, 0xbc, 0x22, 0x12,
    0x03, 0x43, 0x0b, 0x5e, 0x0a, 0x11, 0x0a, 0x0a, 0x06, 0x00, 0x02, 0x04, 0x04, 0xb0, 0xca, 0xbc,
    0x22, 0x05, 0x12, 0x03, 0x43, 0x20, 0x5d, 0x0a, 0x0d, 0x0a, 0x05, 0x06, 0x00, 0x02, 0x04, 0x04,
    0x12, 0x04, 0x44, 0x04, 0x47, 0x06, 0x0a, 0x0f, 0x0a, 0x07, 0x06, 0x00, 0x02, 0x04, 0x04, 0x92,
    0x08, 0x12, 0x04, 0x44, 0x0b, 0x47, 0x05, 0x0a, 0x0f, 0x0a, 0x08, 0x06, 0x00, 0x02, 0x04, 0x04,
    0x92, 0x08, 0x02, 0x12, 0x03, 0x45, 0x06, 0x28, 0x0a, 0x0f, 0x0a, 0x08, 0x06, 0x00, 0x02, 0x04,
    0x04, 0x92, 0x08, 0x03, 0x12, 0x03, 0x46, 0x06, 0x54, 0x0a, 0xc6, 0x01, 0x0a, 0x04, 0x06, 0x00,
    0x02, 0x05, 0x12, 0x04, 0x4d, 0x02, 0x53, 0x03, 0x1a, 0xb7, 0x01, 0x20, 0x52, 0x65, 0x74, 0x72,
    0x69, 0x65, 0x76, 0x65, 0x20, 0x61, 0x6e, 0x64, 0x20, 0x6f, 0x70, 0x74, 0x69, 0x6f, 0x6e, 0x61,
    0x6c, 0x6c, 0x79, 0x20, 0x66, 0x69, 0x6c, 0x74, 0x65, 0x72, 0x20, 0x61, 0x20, 0x6c, 0x69, 0x73,
    0x74, 0x20, 0x6f, 0x66, 0x20, 0x61, 0x75, 0x74, 0x6f, 0x6d, 0x61, 0x74, 0x69, 0x6f, 0x6e, 0x20,
    0x74, 0x72, 0x69, 0x67, 0x67, 0x65, 0x72, 0x65, 0x64, 0x20, 0x65, 0x76, 0x65, 0x6e, 0x74, 0x73,
    0x0a, 0x20, 0x28, 0x70, 0x65, 0x72, 0x2d, 0x74, 0x72, 0x69, 0x67, 0x67, 0x65, 0x72, 0x20, 0x64,
    0x69, 0x73, 0x70, 0x61, 0x74, 0x63, 0x68, 0x20, 0x68, 0x69, 0x73, 0x74, 0x6f, 0x72, 0x79, 0x29,
    0x2e, 0x20, 0x46, 0x69, 0x6c, 0x74, 0x65, 0x72, 0x20, 0x62, 0x79, 0x20, 0x60, 0x61, 0x75, 0x74,
    0x6f, 0x6d, 0x61, 0x74, 0x69, 0x6f, 0x6e, 0x5f, 0x74, 0x72, 0x69, 0x67, 0x67, 0x65, 0x72, 0x5f,
    0x69, 0x64, 0x60, 0x20, 0x74, 0x6f, 0x0a, 0x20, 0x70, 0x6f, 0x77, 0x65, 0x72, 0x20, 0x74, 0x68,
    0x65, 0x20, 0x63, 0x61, 0x6e, 0x76, 0x61, 0x73, 0x20, 0x74, 0x72, 0x69, 0x67, 0x67, 0x65, 0x72,
    0x20, 0x68, 0x69, 0x73, 0x74, 0x6f, 0x72, 0x79, 0x20, 0x73, 0x69, 0x64, 0x65, 0x62, 0x61, 0x72,
    0x2e, 0x0a, 0x0a, 0x0c, 0x0a, 0x05, 0x06, 0x00, 0x02, 0x05, 0x01, 0x12, 0x03, 0x4d, 0x06, 0x23,
    0x0a, 0x0c, 0x0a, 0x05, 0x06, 0x00, 0x02, 0x05, 0x02, 0x12, 0x03, 0x4d, 0x24, 0x48, 0x0a, 0x0c,
    0x0a, 0x05, 0x06, 0x00, 0x02, 0x05, 0x03, 0x12, 0x03, 0x4d, 0x53, 0x78, 0x0a, 0x0c, 0x0a, 0x05,
    0x06, 0x00, 0x02, 0x05, 0x04, 0x12, 0x03, 0x4e, 0x04, 0x4c, 0x0a, 0x10, 0x0a, 0x09, 0x06, 0x00,
    0x02, 0x05, 0x04, 0xb0, 0xca, 0xbc, 0x22, 0x12, 0x03, 0x4e, 0x0b, 0x4b, 0x0a, 0x11, 0x0a, 0x0a,
    0x06, 0x00, 0x02, 0x05, 0x04, 0xb0, 0xca, 0xbc, 0x22, 0x02, 0x12, 0x03, 0x4e, 0x20, 0x4a, 0x0a,
    0x0d, 0x0a, 0x05, 0x06, 0x00, 0x02, 0x05, 0x04, 0x12, 0x04, 0x4f, 0x04, 0x52, 0x06, 0x0a, 0x0f,
    0x0a, 0x07, 0x06, 0x00, 0x02, 0x05, 0x04, 0x92, 0x08, 0x12, 0x04, 0x4f, 0x0b, 0x52, 0x05, 0x0a,
    0x0f, 0x0a, 0x08, 0x06, 0x00, 0x02, 0x05, 0x04, 0x92, 0x08, 0x02, 0x12, 0x03, 0x50, 0x06, 0x2e,
    0x0a, 0x0f, 0x0a, 0x08, 0x06, 0x00, 0x02, 0x05, 0x04, 0x92, 0x08, 0x03, 0x12, 0x03, 0x51, 0x06,
    0x5a, 0x0a, 0x8c, 0x02, 0x0a, 0x02, 0x05, 0x00, 0x12, 0x04, 0x5a, 0x00, 0x5d, 0x01, 0x1a, 0xff,
    0x01, 0x20, 0x41, 0x75, 0x74, 0x6f, 0x6d, 0x61, 0x74, 0x69, 0x6f, 0x6e, 0x54, 0x72, 0x69, 0x67,
    0x67, 0x65, 0x72, 0x41, 0x63, 0x74, 0x69, 0x6f, 0x6e, 0x4b, 0x69, 0x6e, 0x64, 0x20, 0x69, 0x73,
    0x20, 0x77, 0x68, 0x61, 0x74, 0x20, 0x61, 0x6e, 0x20, 0x61, 0x75, 0x74, 0x6f, 0x6d, 0x61, 0x74,
    0x69, 0x6f, 0x6e, 0x20, 0x74, 0x72, 0x69, 0x67, 0x67, 0x65, 0x72, 0x20, 0x64, 0x6f, 0x65, 0x73,
    0x20, 0x77, 0x68, 0x65, 0x6e, 0x20, 0x69, 0x74, 0x20, 0x66, 0x69, 0x72, 0x65, 0x73, 0x2e, 0x0a,
    0x20, 0x76, 0x31, 0x20, 0x73, 0x75, 0x70, 0x70, 0x6f, 0x72, 0x74, 0x73, 0x20, 0x60, 0x41, 0x55,
    0x54, 0x4f, 0x4d, 0x41, 0x54, 0x49, 0x4f, 0x4e, 0x5f, 0x54, 0x52, 0x49, 0x47, 0x47, 0x45, 0x52,
    0x5f, 0x41, 0x43, 0x54, 0x49, 0x4f, 0x4e, 0x5f, 0x4b, 0x49, 0x4e, 0x44, 0x5f, 0x43, 0x41, 0x4e,
    0x56, 0x41, 0x53, 0x5f, 0x45, 0x56, 0x41, 0x4c, 0x55, 0x41, 0x54, 0x49, 0x4f, 0x4e, 0x60, 0x20,
    0x6f, 0x6e, 0x6c, 0x79, 0x3b, 0x20, 0x74, 0x68, 0x65, 0x0a, 0x20, 0x65, 0x6e, 0x75, 0x6d, 0x20,
    0x69, 0x73, 0x20, 0x6b, 0x65, 0x70, 0x74, 0x20, 0x73, 0x6f, 0x20, 0x66, 0x75, 0x74, 0x75, 0x72,
    0x65, 0x20, 0x64, 0x69, 0x73, 0x70, 0x61, 0x74, 0x63, 0x68, 0x20, 0x74, 0x79, 0x70, 0x65, 0x73,
    0x20, 0x28, 0x77, 0x65, 0x62, 0x68, 0x6f, 0x6f, 0x6b, 0x2c, 0x20, 0x65, 0x6d, 0x61, 0x69, 0x6c,
    0x2c, 0x20, 0x2e, 0x2e, 0x2e, 0x29, 0x20, 0x63, 0x61, 0x6e, 0x20, 0x62, 0x65, 0x20, 0x61, 0x64,
    0x64, 0x65, 0x64, 0x0a, 0x20, 0x77, 0x69, 0x74, 0x68, 0x6f, 0x75, 0x74, 0x20, 0x61, 0x20, 0x62,
    0x72, 0x65, 0x61, 0x6b, 0x69, 0x6e, 0x67, 0x20, 0x63, 0x68, 0x61, 0x6e, 0x67, 0x65, 0x2e, 0x0a,
    0x0a, 0x0a, 0x0a, 0x03, 0x05, 0x00, 0x01, 0x12, 0x03, 0x5a, 0x05, 0x20, 0x0a, 0x0c, 0x0a, 0x05,
    0x05, 0x00, 0x02, 0x00, 0x01, 0x12, 0x03, 0x5b, 0x02, 0x2c, 0x0a, 0x0b, 0x0a, 0x04, 0x05, 0x00,
    0x02, 0x00, 0x12, 0x03, 0x5b, 0x02, 0x31, 0x0a, 0x0c, 0x0a, 0x05, 0x05, 0x00, 0x02, 0x00, 0x02,
    0x12, 0x03, 0x5b, 0x2f, 0x30, 0x0a, 0x0c, 0x0a, 0x05, 0x05, 0x00, 0x02, 0x01, 0x01, 0x12, 0x03,
    0x5c, 0x02, 0x32, 0x0a, 0x0b, 0x0a, 0x04, 0x05, 0x00, 0x02, 0x01, 0x12, 0x03, 0x5c, 0x02, 0x37,
    0x0a, 0x0c, 0x0a, 0x05, 0x05, 0x00, 0x02, 0x01, 0x02, 0x12, 0x03, 0x5c, 0x35, 0x36, 0x0a, 0x74,
    0x0a, 0x02, 0x05, 0x01, 0x12, 0x04, 0x61, 0x00, 0x67, 0x01, 0x1a, 0x68, 0x20, 0x41, 0x75, 0x74,
    0x6f, 0x6d, 0x61, 0x74, 0x69, 0x6f, 0x6e, 0x54, 0x72, 0x69, 0x67, 0x67, 0x65, 0x72, 0x52, 0x75,
    0x6e, 0x4e, 0x61, 0x6d, 0x65, 0x4d, 0x61, 0x74, 0x63, 0x68, 0x4b, 0x69, 0x6e, 0x64, 0x20, 0x69,
    0x73, 0x20, 0x74, 0x68, 0x65, 0x20, 0x6f, 0x70, 0x65, 0x72, 0x61, 0x74, 0x6f, 0x72, 0x20, 0x6f,
    0x6e, 0x20, 0x72, 0x75, 0x6e, 0x73, 0x2e, 0x6e, 0x61, 0x6d, 0x65, 0x20, 0x69, 0x6e, 0x20, 0x61,
    0x6e, 0x0a, 0x20, 0x61, 0x75, 0x74, 0x6f, 0x6d, 0x61, 0x74, 0x69, 0x6f, 0x6e, 0x20, 0x74, 0x72,
    0x69, 0x67, 0x67, 0x65, 0x72, 0x20, 0x6d, 0x61, 0x74, 0x63, 0x68, 0x20, 0x66, 0x69, 0x6c, 0x74,
    0x65, 0x72, 0x2e, 0x0a, 0x0a, 0x0a, 0x0a, 0x03, 0x05, 0x01, 0x01, 0x12, 0x03, 0x61, 0x05, 0x26,
    0x0a, 0x0c, 0x0a, 0x05, 0x05, 0x01, 0x02, 0x00, 0x01, 0x12, 0x03, 0x62, 0x02, 0x34, 0x0a, 0x0b,
    0x0a, 0x04, 0x05, 0x01, 0x02, 0x00, 0x12, 0x03, 0x62, 0x02, 0x39, 0x0a, 0x0c, 0x0a, 0x05, 0x05,
    0x01, 0x02, 0x00, 0x02, 0x12, 0x03, 0x62, 0x37, 0x38, 0x0a, 0x0c, 0x0a, 0x05, 0x05, 0x01, 0x02,
    0x01, 0x01, 0x12, 0x03, 0x63, 0x02, 0x34, 0x0a, 0x0b, 0x0a, 0x04, 0x05, 0x01, 0x02, 0x01, 0x12,
    0x03, 0x63, 0x02, 0x39, 0x0a, 0x0c, 0x0a, 0x05, 0x05, 0x01, 0x02, 0x01, 0x02, 0x12, 0x03, 0x63,
    0x37, 0x38, 0x0a, 0x0c, 0x0a, 0x05, 0x05, 0x01, 0x02, 0x02, 0x01, 0x12, 0x03, 0x64, 0x02, 0x32,
    0x0a, 0x0b, 0x0a, 0x04, 0x05, 0x01, 0x02, 0x02, 0x12, 0x03, 0x64, 0x02, 0x37, 0x0a, 0x0c, 0x0a,
    0x05, 0x05, 0x01, 0x02, 0x02, 0x02, 0x12, 0x03, 0x64, 0x35, 0x36, 0x0a, 0x0c, 0x0a, 0x05, 0x05,
    0x01, 0x02, 0x03, 0x01, 0x12, 0x03, 0x65, 0x02, 0x31, 0x0a, 0x0b, 0x0a, 0x04, 0x05, 0x01, 0x02,
    0x03, 0x12, 0x03, 0x65, 0x02, 0x36, 0x0a, 0x0c, 0x0a, 0x05, 0x05, 0x01, 0x02, 0x03, 0x02, 0x12,
    0x03, 0x65, 0x34, 0x35, 0x0a, 0x0c, 0x0a, 0x05, 0x05, 0x01, 0x02, 0x04, 0x01, 0x12, 0x03, 0x66,
    0x02, 0x2e, 0x0a, 0x0b, 0x0a, 0x04, 0x05, 0x01, 0x02, 0x04, 0x12, 0x03, 0x66, 0x02, 0x33, 0x0a,
    0x0c, 0x0a, 0x05, 0x05, 0x01, 0x02, 0x04, 0x02, 0x12, 0x03, 0x66, 0x31, 0x32, 0x0a, 0x51, 0x0a,
    0x02, 0x04, 0x00, 0x12, 0x04, 0x6a, 0x00, 0x6d, 0x01, 0x1a, 0x45, 0x20, 0x41, 0x75, 0x74, 0x6f,
    0x6d, 0x61, 0x74, 0x69, 0x6f, 0x6e, 0x54, 0x72, 0x69, 0x67, 0x67, 0x65, 0x72, 0x52, 0x75, 0x6e,
    0x4e, 0x61, 0x6d, 0x65, 0x4d, 0x61, 0x74, 0x63, 0x68, 0x20, 0x65, 0x78, 0x70, 0x72, 0x65, 0x73,
    0x73, 0x65, 0x73, 0x20, 0x61, 0x20, 0x66, 0x69, 0x6c, 0x74, 0x65, 0x72, 0x20, 0x61, 0x67, 0x61,
    0x69, 0x6e, 0x73, 0x74, 0x20, 0x72, 0x75, 0x6e, 0x73, 0x2e, 0x6e, 0x61, 0x6d, 0x65, 0x2e, 0x0a,
    0x0a, 0x0a, 0x0a, 0x03, 0x04, 0x00, 0x01, 0x12, 0x03, 0x6a, 0x08, 0x25, 0x0a, 0x0c, 0x0a, 0x05,
    0x04, 0x00, 0x02, 0x00, 0x06, 0x12, 0x03, 0x6b, 0x02, 0x23, 0x0a, 0x0b, 0x0a, 0x04, 0x04, 0x00,
    0x02, 0x00, 0x12, 0x03, 0x6b, 0x02, 0x56, 0x0a, 0x0c, 0x0a, 0x05, 0x04, 0x00, 0x02, 0x00, 0x01,
    0x12, 0x03, 0x6b, 0x24, 0x28, 0x0a, 0x0c, 0x0a, 0x05, 0x04, 0x00, 0x02, 0x00, 0x03, 0x12, 0x03,
    0x6b, 0x2b, 0x2c, 0x0a, 0x0c, 0x0a, 0x05, 0x04, 0x00, 0x02, 0x00, 0x08, 0x12, 0x03, 0x6b, 0x2d,
    0x55, 0x0a, 0x0f, 0x0a, 0x08, 0x04, 0x00, 0x02, 0x00, 0x08, 0x9c, 0x08, 0x00, 0x12, 0x03, 0x6b,
    0x2e, 0x54, 0x0a, 0x0c, 0x0a, 0x05, 0x04, 0x00, 0x02, 0x01, 0x05, 0x12, 0x03, 0x6c, 0x02, 0x08,
    0x0a, 0x0b, 0x0a, 0x04, 0x04, 0x00, 0x02, 0x01, 0x12, 0x03, 0x6c, 0x02, 0x3c, 0x0a, 0x0c, 0x0a,
    0x05, 0x04, 0x00, 0x02, 0x01, 0x01, 0x12, 0x03, 0x6c, 0x09, 0x0e, 0x0a, 0x0c, 0x0a, 0x05, 0x04,
    0x00, 0x02, 0x01, 0x03, 0x12, 0x03, 0x6c, 0x11, 0x12, 0x0a, 0x0c, 0x0a, 0x05, 0x04, 0x00, 0x02,
    0x01, 0x08, 0x12, 0x03, 0x6c, 0x13, 0x3b, 0x0a, 0x0f, 0x0a, 0x08, 0x04, 0x00, 0x02, 0x01, 0x08,
    0x9c, 0x08, 0x00, 0x12, 0x03, 0x6c, 0x14, 0x3a, 0x0a, 0x96, 0x02, 0x0a, 0x02, 0x04, 0x01, 0x12,
    0x04, 0x73, 0x00, 0x76, 0x01, 0x1a, 0x89, 0x02, 0x20, 0x41, 0x75, 0x74, 0x6f, 0x6d, 0x61, 0x74,
    0x69, 0x6f, 0x6e, 0x54, 0x72, 0x69, 0x67, 0x67, 0x65, 0x72, 0x4d, 0x65, 0x74, 0x61, 0x64, 0x61,
    0x74, 0x61, 0x4d, 0x61, 0x74, 0x63, 0x68, 0x20, 0x69, 0x73, 0x20, 0x61, 0x6e, 0x20, 0x65, 0x71,
    0x75, 0x61, 0x6c, 0x69, 0x74, 0x79, 0x20, 0x66, 0x69, 0x6c, 0x74, 0x65, 0x72, 0x20, 0x61, 0x67,
    0x61, 0x69, 0x6e, 0x73, 0x74, 0x20, 0x61, 0x20, 0x72, 0x75, 0x6e, 0x27, 0x73, 0x0a, 0x20, 0x65,
    0x6e, 0x74, 0x69, 0x74, 0x79, 0x2d, 0x6d, 0x65, 0x74, 0x61, 0x64, 0x61, 0x74, 0x61, 0x20, 0x6b,
    0x65, 0x79, 0x2f, 0x76, 0x61, 0x6c, 0x75, 0x65, 0x2e, 0x20, 0x4b, 0x65, 0x79, 0x20, 0x6e, 0x61,
    0x6d, 0x65, 0x73, 0x20, 0x61, 0x72, 0x65, 0x20, 0x63, 0x61, 0x73, 0x65, 0x2d, 0x73, 0x65, 0x6e,
    0x73, 0x69, 0x74, 0x69, 0x76, 0x65, 0x2e, 0x20, 0x56, 0x61, 0x6c, 0x75, 0x65, 0x73, 0x20, 0x61,
    0x72, 0x65, 0x0a, 0x20, 0x63, 0x6f, 0x6d, 0x70, 0x61, 0x72, 0x65, 0x64, 0x20, 0x61, 0x73, 0x20,
    0x73, 0x74, 0x72, 0x69, 0x6e, 0x67, 0x73, 0x20, 0x28, 0x6e, 0x75, 0x6d, 0x62, 0x65, 0x72, 0x73,
    0x2f, 0x62, 0x6f, 0x6f, 0x6c, 0x65, 0x61, 0x6e, 0x73, 0x20, 0x61, 0x72, 0x65, 0x20, 0x73, 0x74,
    0x72, 0x69, 0x6e, 0x67, 0x69, 0x66, 0x69, 0x65, 0x64, 0x20, 0x77, 0x69, 0x74, 0x68, 0x20, 0x47,
    0x6f, 0x27, 0x73, 0x20, 0x64, 0x65, 0x66, 0x61, 0x75, 0x6c, 0x74, 0x0a, 0x20, 0x66, 0x6f, 0x72,
    0x6d, 0x61, 0x74, 0x74, 0x69, 0x6e, 0x67, 0x29, 0x2e, 0x20, 0x41, 0x6c, 0x6c, 0x20, 0x6c, 0x69,
    0x73, 0x74, 0x65, 0x64, 0x20, 0x6d, 0x61, 0x74, 0x63, 0x68, 0x65, 0x73, 0x20, 0x61, 0x72, 0x65,
    0x20, 0x41, 0x4e, 0x44, 0x27, 0x64, 0x20, 0x74, 0x6f, 0x67, 0x65, 0x74, 0x68, 0x65, 0x72, 0x2e,
    0x0a, 0x0a, 0x0a, 0x0a, 0x03, 0x04, 0x01, 0x01, 0x12, 0x03, 0x73, 0x08, 0x26, 0x0a, 0x0c, 0x0a,
    0x05, 0x04, 0x01, 0x02, 0x00, 0x05, 0x12, 0x03, 0x74, 0x02, 0x08, 0x0a, 0x0b, 0x0a, 0x04, 0x04,
    0x01, 0x02, 0x00, 0x12, 0x03, 0x74, 0x02, 0x3a, 0x0a, 0x0c, 0x0a, 0x05, 0x04, 0x01, 0x02, 0x00,
    0x01, 0x12, 0x03, 0x74, 0x09, 0x0c, 0x0a, 0x0c, 0x0a, 0x05, 0x04, 0x01, 0x02, 0x00, 0x03, 0x12,
    0x03, 0x74, 0x0f, 0x10, 0x0a, 0x0c, 0x0a, 0x05, 0x04, 0x01, 0x02, 0x00, 0x08, 0x12, 0x03, 0x74,
    0x11, 0x39, 0x0a, 0x0f, 0x0a, 0x08, 0x04, 0x01, 0x02, 0x00, 0x08, 0x9c, 0x08, 0x00, 0x12, 0x03,
    0x74, 0x12, 0x38, 0x0a, 0x0c, 0x0a, 0x05, 0x04, 0x01, 0x02, 0x01, 0x05, 0x12, 0x03, 0x75, 0x02,
    0x08, 0x0a, 0x0b, 0x0a, 0x04, 0x04, 0x01, 0x02, 0x01, 0x12, 0x03, 0x75, 0x02, 0x3c, 0x0a, 0x0c,
    0x0a, 0x05, 0x04, 0x01, 0x02, 0x01, 0x01, 0x12, 0x03, 0x75, 0x09, 0x0e, 0x0a, 0x0c, 0x0a, 0x05,
    0x04, 0x01, 0x02, 0x01, 0x03, 0x12, 0x03, 0x75, 0x11, 0x12, 0x0a, 0x0c, 0x0a, 0x05, 0x04, 0x01,
    0x02, 0x01, 0x08, 0x12, 0x03, 0x75, 0x13, 0x3b, 0x0a, 0x0f, 0x0a, 0x08, 0x04, 0x01, 0x02, 0x01,
    0x08, 0x9c, 0x08, 0x00, 0x12, 0x03, 0x75, 0x14, 0x3a, 0x0a, 0xda, 0x05, 0x0a, 0x02, 0x04, 0x02,
    0x12, 0x06, 0x82, 0x01, 0x00, 0x86, 0x01, 0x01, 0x1a, 0xcb, 0x05, 0x20, 0x41, 0x75, 0x74, 0x6f,
    0x6d, 0x61, 0x74, 0x69, 0x6f, 0x6e, 0x54, 0x72, 0x69, 0x67, 0x67, 0x65, 0x72, 0x4d, 0x61, 0x74,
    0x63, 0x68, 0x46, 0x69, 0x6c, 0x74, 0x65, 0x72, 0x20, 0x69, 0x73, 0x20, 0x74, 0x68, 0x65, 0x20,
    0x73, 0x65, 0x6c, 0x65, 0x63, 0x74, 0x6f, 0x72, 0x20, 0x65, 0x76, 0x61, 0x6c, 0x75, 0x61, 0x74,
    0x65, 0x64, 0x20, 0x61, 0x73, 0x79, 0x6e, 0x63, 0x68, 0x72, 0x6f, 0x6e, 0x6f, 0x75, 0x73, 0x6c,
    0x79, 0x0a, 0x20, 0x61, 0x66, 0x74, 0x65, 0x72, 0x20, 0x53, 0x74, 0x6f, 0x70, 0x52, 0x75, 0x6e,
    0x2e, 0x20, 0x53, 0x74, 0x6f, 0x70, 0x52, 0x75, 0x6e, 0x20, 0x69, 0x6e, 0x73, 0x65, 0x72, 0x74,
    0x73, 0x20, 0x61, 0x6e, 0x20, 0x61, 0x75, 0x74, 0x6f, 0x6d, 0x61, 0x74, 0x69, 0x6f, 0x6e, 0x5f,
    0x73, 0x6f, 0x75, 0x72, 0x63, 0x65, 0x5f, 0x65, 0x76, 0x65, 0x6e, 0x74, 0x20, 0x28, 0x52, 0x55,
    0x4e, 0x5f, 0x53, 0x54, 0x4f, 0x50, 0x29, 0x3b, 0x20, 0x74, 0x68, 0x65, 0x0a, 0x20, 0x61, 0x75,
    0x74, 0x6f, 0x6d, 0x61, 0x74, 0x69, 0x6f, 0x6e, 0x5f, 0x77, 0x6f, 0x72, 0x6b, 0x65, 0x72, 0x20,
    0x74, 0x68, 0x65, 0x6e, 0x20, 0x70, 0x61, 0x67, 0x65, 0x73, 0x20, 0x74, 0x68, 0x72, 0x6f, 0x75,
    0x67, 0x68, 0x20, 0x74, 0x68, 0x65, 0x20, 0x6f, 0x72, 0x67, 0x27, 0x73, 0x20, 0x65, 0x6e, 0x61,
    0x62, 0x6c, 0x65, 0x64, 0x2c, 0x20, 0x6e, 0x6f, 0x6e, 0x2d, 0x61, 0x72, 0x63, 0x68, 0x69, 0x76,
    0x65, 0x64, 0x0a, 0x20, 0x61, 0x75, 0x74, 0x6f, 0x6d, 0x61, 0x74, 0x69, 0x6f, 0x6e, 0x5f, 0x74,
    0x72, 0x69, 0x67, 0x67, 0x65, 0x72, 0x73, 0x20, 0x61, 0x6e, 0x64, 0x20, 0x65, 0x6e, 0x71, 0x75,
    0x65, 0x75, 0x65, 0x73, 0x20, 0x61, 0x20, 0x72, 0x6f, 0x77, 0x20, 0x66, 0x6f, 0x72, 0x20, 0x65,
    0x61, 0x63, 0x68, 0x20, 0x74, 0x72, 0x69, 0x67, 0x67, 0x65, 0x72, 0x20, 0x77, 0x68, 0x6f, 0x73,
    0x65, 0x0a, 0x20, 0x6d, 0x61, 0x74, 0x63, 0x68, 0x5f, 0x66, 0x69, 0x6c, 0x74, 0x65, 0x72, 0x20,
    0x61, 0x63, 0x63, 0x65, 0x70, 0x74, 0x73, 0x20, 0x74, 0x68, 0x65, 0x20, 0x72, 0x75, 0x6e, 0x20,
    0x28, 0x74, 0x68, 0x65, 0x20, 0x74, 0x72, 0x69, 0x67, 0x67, 0x65, 0x72, 0x27, 0x73, 0x20, 0x63,
    0x61, 0x6e, 0x76, 0x61, 0x73, 0x5f, 0x69, 0x64, 0x20, 0x69, 0x64, 0x65, 0x6e, 0x74, 0x69, 0x66,
    0x69, 0x65, 0x73, 0x20, 0x77, 0x68, 0x69, 0x63, 0x68, 0x0a, 0x20, 0x63, 0x61, 0x6e, 0x76, 0x61,
    0x73, 0x20, 0x74, 0x6f, 0x20, 0x65, 0x76, 0x61, 0x6c, 0x75, 0x61, 0x74, 0x65, 0x20, 0x6c, 0x61,
    0x74, 0x65, 0x72, 0x20, 0xe2, 0x80, 0x94, 0x20, 0x72, 0x75, 0x6e, 0x73, 0x20, 0x74, 0x68, 0x65,
    0x6d, 0x73, 0x65, 0x6c, 0x76, 0x65, 0x73, 0x20, 0x68, 0x61, 0x76, 0x65, 0x20, 0x6e, 0x6f, 0x20,
    0x63, 0x61, 0x6e, 0x76, 0x61, 0x73, 0x20, 0x61, 0x73, 0x73, 0x6f, 0x63, 0x69, 0x61, 0x74, 0x69,
    0x6f, 0x6e, 0x29, 0x2e, 0x0a, 0x20, 0x45, 0x6d, 0x70, 0x74, 0x79, 0x20, 0x61, 0x73, 0x73, 0x65,
    0x74, 0x5f, 0x69, 0x64, 0x73, 0x20, 0x6d, 0x61, 0x74, 0x63, 0x68, 0x65, 0x73, 0x20, 0x61, 0x6e,
    0x79, 0x20, 0x61, 0x73, 0x73, 0x65, 0x74, 0x3b, 0x20, 0x61, 0x62, 0x73, 0x65, 0x6e, 0x74, 0x20,
    0x6e, 0x61, 0x6d, 0x65, 0x5f, 0x6d, 0x61, 0x74, 0x63, 0x68, 0x20, 0x6d, 0x61, 0x74, 0x63, 0x68,
    0x65, 0x73, 0x20, 0x61, 0x6e, 0x79, 0x20, 0x6e, 0x61, 0x6d, 0x65, 0x3b, 0x0a, 0x20, 0x65, 0x6d,
    0x70, 0x74, 0x79, 0x20, 0x6d, 0x65, 0x74, 0x61, 0x64, 0x61, 0x74, 0x61, 0x5f, 0x6d, 0x61, 0x74,
    0x63, 0x68, 0x65, 0x73, 0x20, 0x6d, 0x61, 0x74, 0x63, 0x68, 0x65, 0x73, 0x20, 0x61, 0x6e, 0x79,
    0x20, 0x6d, 0x65, 0x74, 0x61, 0x64, 0x61, 0x74, 0x61, 0x2e, 0x20, 0x44, 0x69, 0x6d, 0x65, 0x6e,
    0x73, 0x69, 0x6f, 0x6e, 0x73, 0x20, 0x61, 0x72, 0x65, 0x20, 0x41, 0x4e, 0x44, 0x27, 0x64, 0x2e,
    0x0a, 0x20, 0x4e, 0x61, 0x6d, 0x65, 0x20, 0x6d, 0x61, 0x74, 0x63, 0x68, 0x69, 0x6e, 0x67, 0x20,
    0x66, 0x6f, 0x72, 0x20, 0x53, 0x54, 0x41, 0x52, 0x54, 0x53, 0x5f, 0x57, 0x49, 0x54, 0x48, 0x20,
    0x2f, 0x20, 0x45, 0x4e, 0x44, 0x53, 0x5f, 0x57, 0x49, 0x54, 0x48, 0x20, 0x2f, 0x20, 0x43, 0x4f,
    0x4e, 0x54, 0x41, 0x49, 0x4e, 0x53, 0x20, 0x69, 0x73, 0x20, 0x63, 0x61, 0x73, 0x65, 0x2d, 0x69,
    0x6e, 0x73, 0x65, 0x6e, 0x73, 0x69, 0x74, 0x69, 0x76, 0x65, 0x3b, 0x0a, 0x20, 0x52, 0x45, 0x47,
    0x45, 0x58, 0x20, 0x75, 0x73, 0x65, 0x73, 0x20, 0x47, 0x6f, 0x20, 0x72, 0x65, 0x67, 0x65, 0x78,
    0x70, 0x20, 0x73, 0x65, 0x6d, 0x61, 0x6e, 0x74, 0x69, 0x63, 0x73, 0x20, 0x28, 0x61, 0x64, 0x64,
    0x20, 0x28, 0x3f, 0x69, 0x29, 0x20, 0x66, 0x6f, 0x72, 0x20, 0x63, 0x61, 0x73, 0x65, 0x2d, 0x69,
    0x6e, 0x73, 0x65, 0x6e, 0x73, 0x69, 0x74, 0x69, 0x76, 0x65, 0x20, 0x70, 0x61, 0x74, 0x74, 0x65,
    0x72, 0x6e, 0x73, 0x29, 0x2e, 0x0a, 0x0a, 0x0b, 0x0a, 0x03, 0x04, 0x02, 0x01, 0x12, 0x04, 0x82,
    0x01, 0x08, 0x24, 0x0a, 0x0d, 0x0a, 0x05, 0x04, 0x02, 0x02, 0x00, 0x04, 0x12, 0x04, 0x83, 0x01,
    0x02, 0x0a, 0x0a, 0x0c, 0x0a, 0x04, 0x04, 0x02, 0x02, 0x00, 0x12, 0x04, 0x83, 0x01, 0x02, 0x20,
    0x0a, 0x0d, 0x0a, 0x05, 0x04, 0x02, 0x02, 0x00, 0x05, 0x12, 0x04, 0x83, 0x01, 0x0b, 0x11, 0x0a,
    0x0d, 0x0a, 0x05, 0x04, 0x02, 0x02, 0x00, 0x01, 0x12, 0x04, 0x83, 0x01, 0x12, 0x1b, 0x0a, 0x0d,
    0x0a, 0x05, 0x04, 0x02, 0x02, 0x00, 0x03, 0x12, 0x04, 0x83, 0x01, 0x1e, 0x1f, 0x0a, 0x0d, 0x0a,
    0x05, 0x04, 0x02, 0x02, 0x01, 0x04, 0x12, 0x04, 0x84, 0x01, 0x02, 0x0a, 0x0a, 0x0c, 0x0a, 0x04,
    0x04, 0x02, 0x02, 0x01, 0x12, 0x04, 0x84, 0x01, 0x02, 0x61, 0x0a, 0x0d, 0x0a, 0x05, 0x04, 0x02,
    0x02, 0x01, 0x06, 0x12, 0x04, 0x84, 0x01, 0x0b, 0x28, 0x0a, 0x0d, 0x0a, 0x05, 0x04, 0x02, 0x02,
    0x01, 0x01, 0x12, 0x04, 0x84, 0x01, 0x29, 0x33, 0x0a, 0x0d, 0x0a, 0x05, 0x04, 0x02, 0x02, 0x01,
    0x03, 0x12, 0x04, 0x84, 0x01, 0x36, 0x37, 0x0a, 0x0d, 0x0a, 0x05, 0x04, 0x02, 0x02, 0x01, 0x08,
    0x12, 0x04, 0x84, 0x01, 0x38, 0x60, 0x0a, 0x10, 0x0a, 0x08, 0x04, 0x02, 0x02, 0x01, 0x08, 0x9c,
    0x08, 0x00, 0x12, 0x04, 0x84, 0x01, 0x39, 0x5f, 0x0a, 0x0d, 0x0a, 0x05, 0x04, 0x02, 0x02, 0x02,
    0x04, 0x12, 0x04, 0x85, 0x01, 0x02, 0x0a, 0x0a, 0x0c, 0x0a, 0x04, 0x04, 0x02, 0x02, 0x02, 0x12,
    0x04, 0x85, 0x01, 0x02, 0x68, 0x0a, 0x0d, 0x0a, 0x05, 0x04, 0x02, 0x02, 0x02, 0x06, 0x12, 0x04,
    0x85, 0x01, 0x0b, 0x29, 0x0a, 0x0d, 0x0a, 0x05, 0x04, 0x02, 0x02, 0x02, 0x01, 0x12, 0x04, 0x85,
    0x01, 0x2a, 0x3a, 0x0a, 0x0d, 0x0a, 0x05, 0x04, 0x02, 0x02, 0x02, 0x03, 0x12, 0x04, 0x85, 0x01,
    0x3d, 0x3e, 0x0a, 0x0d, 0x0a, 0x05, 0x04, 0x02, 0x02, 0x02, 0x08, 0x12, 0x04, 0x85, 0x01, 0x3f,
    0x67, 0x0a, 0x10, 0x0a, 0x08, 0x04, 0x02, 0x02, 0x02, 0x08, 0x9c, 0x08, 0x00, 0x12, 0x04, 0x85,
    0x01, 0x40, 0x66, 0x0a, 0x92, 0x01, 0x0a, 0x02, 0x05, 0x02, 0x12, 0x06, 0x8a, 0x01, 0x00, 0x90,
    0x01, 0x01, 0x1a, 0x83, 0x01, 0x20, 0x41, 0x75, 0x74, 0x6f, 0x6d, 0x61, 0x74, 0x69, 0x6f, 0x6e,
    0x54, 0x72, 0x69, 0x67, 0x67, 0x65, 0x72, 0x50, 0x61, 0x72, 0x61, 0x6d, 0x53, 0x6f, 0x75, 0x72,
    0x63, 0x65, 0x20, 0x69, 0x73, 0x20, 0x61, 0x20, 0x77, 0x69, 0x6c, 0x64, 0x63, 0x61, 0x72, 0x64,
    0x20, 0x72, 0x65, 0x73, 0x6f, 0x6c, 0x76, 0x65, 0x64, 0x20, 0x61, 0x67, 0x61, 0x69, 0x6e, 0x73,
    0x74, 0x20, 0x74, 0x68, 0x65, 0x20, 0x74, 0x72, 0x69, 0x67, 0x67, 0x65, 0x72, 0x69, 0x6e, 0x67,
    0x0a, 0x20, 0x72, 0x75, 0x6e, 0x20, 0x77, 0x68, 0x65, 0x6e, 0x20, 0x74, 0x68, 0x65, 0x20, 0x6d,
    0x61, 0x74, 0x63, 0x68, 0x20, 0x6a, 0x6f, 0x62, 0x20, 0x62, 0x75, 0x69, 0x6c, 0x64, 0x73, 0x20,
    0x61, 0x63, 0x74, 0x69, 0x6f, 0x6e, 0x5f, 0x70, 0x61, 0x72, 0x61, 0x6d, 0x73, 0x5f, 0x73, 0x6e,
    0x61, 0x70, 0x73, 0x68, 0x6f, 0x74, 0x2e, 0x0a, 0x0a, 0x0b, 0x0a, 0x03, 0x05, 0x02, 0x01, 0x12,
    0x04, 0x8a, 0x01, 0x05, 0x21, 0x0a, 0x0d, 0x0a, 0x05, 0x05, 0x02, 0x02, 0x00, 0x01, 0x12, 0x04,
    0x8b, 0x01, 0x02, 0x2d, 0x0a, 0x0c, 0x0a, 0x04, 0x05, 0x02, 0x02, 0x00, 0x12, 0x04, 0x8b, 0x01,
    0x02, 0x32, 0x0a, 0x0d, 0x0a, 0x05, 0x05, 0x02, 0x02, 0x00, 0x02, 0x12, 0x04, 0x8b, 0x01, 0x30,
    0x31, 0x0a, 0x0d, 0x0a, 0x05, 0x05, 0x02, 0x02, 0x01, 0x01, 0x12, 0x04, 0x8d, 0x01, 0x02, 0x30,
    0x0a, 0x41, 0x0a, 0x04, 0x05, 0x02, 0x02, 0x01, 0x12, 0x04, 0x8d, 0x01, 0x02, 0x35, 0x1a, 0x33,
    0x20, 0x52, 0x65, 0x73, 0x6f, 0x6c, 0x76, 0x65, 0x73, 0x20, 0x74, 0x6f, 0x20, 0x74, 0x68, 0x65,
    0x20, 0x74, 0x72, 0x69, 0x67, 0x67, 0x65, 0x72, 0x69, 0x6e, 0x67, 0x20, 0x72, 0x75, 0x6e, 0x27,
    0x73, 0x20, 0x72, 0x75, 0x6e, 0x5f, 0x69, 0x64, 0x20, 0x28, 0x73, 0x74, 0x72, 0x69, 0x6e, 0x67,
    0x29, 0x2e, 0x0a, 0x0a, 0x0d, 0x0a, 0x05, 0x05, 0x02, 0x02, 0x01, 0x02, 0x12, 0x04, 0x8d, 0x01,
    0x33, 0x34, 0x0a, 0x0d, 0x0a, 0x05, 0x05, 0x02, 0x02, 0x02, 0x01, 0x12, 0x04, 0x8f, 0x01, 0x02,
    0x37, 0x0a, 0x4a, 0x0a, 0x04, 0x05, 0x02, 0x02, 0x02, 0x12, 0x04, 0x8f, 0x01, 0x02, 0x3c, 0x1a,
    0x3c, 0x20, 0x52, 0x65, 0x73, 0x6f, 0x6c, 0x76, 0x65, 0x73, 0x20, 0x74, 0x6f, 0x20, 0x74, 0x68,
    0x65, 0x20, 0x74, 0x72, 0x69, 0x67, 0x67, 0x65, 0x72, 0x69, 0x6e, 0x67, 0x20, 0x72, 0x75, 0x6e,
    0x27, 0x73, 0x20, 0x61, 0x73, 0x73, 0x65, 0x74, 0x5f, 0x69, 0x64, 0x73, 0x20, 0x28, 0x73, 0x74,
    0x72, 0x69, 0x6e, 0x67, 0x20, 0x61, 0x72, 0x72, 0x61, 0x79, 0x29, 0x2e, 0x0a, 0x0a, 0x0d, 0x0a,
    0x05, 0x05, 0x02, 0x02, 0x02, 0x02, 0x12, 0x04, 0x8f, 0x01, 0x3a, 0x3b, 0x0a, 0xbd, 0x01, 0x0a,
    0x02, 0x04, 0x03, 0x12, 0x06, 0x95, 0x01, 0x00, 0x9a, 0x01, 0x01, 0x1a, 0xae, 0x01, 0x20, 0x41,
    0x75, 0x74, 0x6f, 0x6d, 0x61, 0x74, 0x69, 0x6f, 0x6e, 0x54, 0x72, 0x69, 0x67, 0x67, 0x65, 0x72,
    0x50, 0x61, 0x72, 0x61, 0x6d, 0x56, 0x61, 0x6c, 0x75, 0x65, 0x20, 0x69, 0x73, 0x20, 0x6f, 0x6e,
    0x65, 0x20, 0x63, 0x61, 0x6e, 0x76, 0x61, 0x73, 0x20, 0x70, 0x61, 0x72, 0x61, 0x6d, 0x3a, 0x20,
    0x61, 0x20, 0x4a, 0x53, 0x4f, 0x4e, 0x20, 0x6c, 0x69, 0x74, 0x65, 0x72, 0x61, 0x6c, 0x20, 0x6f,
    0x72, 0x20, 0x61, 0x0a, 0x20, 0x72, 0x75, 0x6e, 0x2d, 0x73, 0x63, 0x6f, 0x70, 0x65, 0x64, 0x20,
    0x77, 0x69, 0x6c, 0x64, 0x63, 0x61, 0x72, 0x64, 0x20, 0x73, 0x6f, 0x75, 0x72, 0x63, 0x65, 0x2e,
    0x20, 0x50, 0x72, 0x65, 0x66, 0x65, 0x72, 0x20, 0x74, 0x68, 0x69, 0x73, 0x20, 0x6f, 0x76, 0x65,
    0x72, 0x20, 0x61, 0x64, 0x2d, 0x68, 0x6f, 0x63, 0x20, 0x60, 0x7b, 0x22, 0x73, 0x6f, 0x75, 0x72,
    0x63, 0x65, 0x22, 0x3a, 0x22, 0x2e, 0x2e, 0x2e, 0x22, 0x7d, 0x60, 0x0a, 0x20, 0x6f, 0x62, 0x6a,
    0x65, 0x63, 0x74, 0x73, 0x20, 0x69, 0x6e, 0x20, 0x61, 0x20, 0x66, 0x72, 0x65, 0x65, 0x2d, 0x66,
    0x6f, 0x72, 0x6d, 0x20, 0x53, 0x74, 0x72, 0x75, 0x63, 0x74, 0x2e, 0x0a, 0x0a, 0x0b, 0x0a, 0x03,
    0x04, 0x03, 0x01, 0x12, 0x04, 0x95, 0x01, 0x08, 0x23, 0x0a, 0x0e, 0x0a, 0x04, 0x04, 0x03, 0x08,
    0x00, 0x12, 0x06, 0x96, 0x01, 0x02, 0x99, 0x01, 0x03, 0x0a, 0x0d, 0x0a, 0x05, 0x04, 0x03, 0x08,
    0x00, 0x01, 0x12, 0x04, 0x96, 0x01, 0x08, 0x0d, 0x0a, 0x0d, 0x0a, 0x05, 0x04, 0x03, 0x02, 0x00,
    0x06, 0x12, 0x04, 0x97, 0x01, 0x04, 0x19, 0x0a, 0x0c, 0x0a, 0x04, 0x04, 0x03, 0x02, 0x00, 0x12,
    0x04, 0x97, 0x01, 0x04, 0x26, 0x0a, 0x0d, 0x0a, 0x05, 0x04, 0x03, 0x02, 0x00, 0x01, 0x12, 0x04,
    0x97, 0x01, 0x1a, 0x21, 0x0a, 0x0d, 0x0a, 0x05, 0x04, 0x03, 0x02, 0x00, 0x03, 0x12, 0x04, 0x97,
    0x01, 0x24, 0x25, 0x0a, 0x0d, 0x0a, 0x05, 0x04, 0x03, 0x02, 0x01, 0x06, 0x12, 0x04, 0x98, 0x01,
    0x04, 0x20, 0x0a, 0x0c, 0x0a, 0x04, 0x04, 0x03, 0x02, 0x01, 0x12, 0x04, 0x98, 0x01, 0x04, 0x2c,
    0x0a, 0x0d, 0x0a, 0x05, 0x04, 0x03, 0x02, 0x01, 0x01, 0x12, 0x04, 0x98, 0x01, 0x21, 0x27, 0x0a,
    0x0d, 0x0a, 0x05, 0x04, 0x03, 0x02, 0x01, 0x03, 0x12, 0x04, 0x98, 0x01, 0x2a, 0x2b, 0x0a, 0x9f,
    0x02, 0x0a, 0x02, 0x04, 0x04, 0x12, 0x06, 0xa0, 0x01, 0x00, 0xa3, 0x01, 0x01, 0x1a, 0x90, 0x02,
    0x20, 0x43, 0x61, 0x6e, 0x76, 0x61, 0x73, 0x45, 0x76, 0x61, 0x6c, 0x75, 0x61, 0x74, 0x69, 0x6f,
    0x6e, 0x41, 0x63, 0x74, 0x69, 0x6f, 0x6e, 0x50, 0x61, 0x72, 0x61, 0x6d, 0x73, 0x20, 0x69, 0x73,
    0x20, 0x74, 0x68, 0x65, 0x20, 0x74, 0x79, 0x70, 0x65, 0x64, 0x20, 0x74, 0x65, 0x6d, 0x70, 0x6c,
    0x61, 0x74, 0x65, 0x20, 0x66, 0x6f, 0x72, 0x0a, 0x20, 0x41, 0x55, 0x54, 0x4f, 0x4d, 0x41, 0x54,
    0x49, 0x4f, 0x4e, 0x5f, 0x54, 0x52, 0x49, 0x47, 0x47, 0x45, 0x52, 0x5f, 0x41, 0x43, 0x54, 0x49,
    0x4f, 0x4e, 0x5f, 0x4b, 0x49, 0x4e, 0x44, 0x5f, 0x43, 0x41, 0x4e, 0x56, 0x41, 0x53, 0x5f, 0x45,
    0x56, 0x41, 0x4c, 0x55, 0x41, 0x54, 0x49, 0x4f, 0x4e, 0x2e, 0x20, 0x57, 0x69, 0x6c, 0x64, 0x63,
    0x61, 0x72, 0x64, 0x73, 0x20, 0x69, 0x6e, 0x20, 0x70, 0x61, 0x72, 0x61, 0x6d, 0x5f, 0x6a, 0x73,
    0x6f, 0x6e, 0x0a, 0x20, 0x61, 0x72, 0x65, 0x20, 0x72, 0x65, 0x73, 0x6f, 0x6c, 0x76, 0x65, 0x64,
    0x20, 0x69, 0x6e, 0x74, 0x6f, 0x20, 0x61, 0x75, 0x74, 0x6f, 0x6d, 0x61, 0x74, 0x69, 0x6f, 0x6e,
    0x5f, 0x74, 0x72, 0x69, 0x67, 0x67, 0x65, 0x72, 0x65, 0x64, 0x5f, 0x65, 0x76, 0x65, 0x6e, 0x74,
    0x73, 0x2e, 0x61, 0x63, 0x74, 0x69, 0x6f, 0x6e, 0x5f, 0x70, 0x61, 0x72, 0x61, 0x6d, 0x73, 0x5f,
    0x73, 0x6e, 0x61, 0x70, 0x73, 0x68, 0x6f, 0x74, 0x3b, 0x0a, 0x20, 0x74, 0x68, 0x65, 0x20, 0x61,
    0x75, 0x74, 0x6f, 0x6d, 0x61, 0x74, 0x69, 0x6f, 0x6e, 0x20, 0x77, 0x6f, 0x72, 0x6b, 0x65, 0x72,
    0x20, 0x70, 0x61, 0x73, 0x73, 0x2d, 0x74, 0x68, 0x72, 0x6f, 0x75, 0x67, 0x68, 0x73, 0x20, 0x74,
    0x68, 0x61, 0x74, 0x20, 0x73, 0x6e, 0x61, 0x70, 0x73, 0x68, 0x6f, 0x74, 0x20, 0x74, 0x6f, 0x20,
    0x45, 0x76, 0x61, 0x6c, 0x75, 0x61, 0x74, 0x65, 0x43, 0x61, 0x6e, 0x76, 0x61, 0x73, 0x2e, 0x0a,
    0x0a, 0x0b, 0x0a, 0x03, 0x04, 0x04, 0x01, 0x12, 0x04, 0xa0, 0x01, 0x08, 0x24, 0x0a, 0x0d, 0x0a,
    0x05, 0x04, 0x04, 0x02, 0x00, 0x05, 0x12, 0x04, 0xa1, 0x01, 0x02, 0x08, 0x0a, 0x0c, 0x0a, 0x04,
    0x04, 0x04, 0x02, 0x00, 0x12, 0x04, 0xa1, 0x01, 0x02, 0x48, 0x0a, 0x0d, 0x0a, 0x05, 0x04, 0x04,
    0x02, 0x00, 0x01, 0x12, 0x04, 0xa1, 0x01, 0x09, 0x1a, 0x0a, 0x0d, 0x0a, 0x05, 0x04, 0x04, 0x02,
    0x00, 0x03, 0x12, 0x04, 0xa1, 0x01, 0x1d, 0x1e, 0x0a, 0x0d, 0x0a, 0x05, 0x04, 0x04, 0x02, 0x00,
    0x08, 0x12, 0x04, 0xa1, 0x01, 0x1f, 0x47, 0x0a, 0x10, 0x0a, 0x08, 0x04, 0x04, 0x02, 0x00, 0x08,
    0x9c, 0x08, 0x00, 0x12, 0x04, 0xa1, 0x01, 0x20, 0x46, 0x0a, 0x0d, 0x0a, 0x05, 0x04, 0x04, 0x02,
    0x01, 0x06, 0x12, 0x04, 0xa2, 0x01, 0x02, 0x2a, 0x0a, 0x0c, 0x0a, 0x04, 0x04, 0x04, 0x02, 0x01,
    0x12, 0x04, 0xa2, 0x01, 0x02, 0x63, 0x0a, 0x0d, 0x0a, 0x05, 0x04, 0x04, 0x02, 0x01, 0x01, 0x12,
    0x04, 0xa2, 0x01, 0x2b, 0x35, 0x0a, 0x0d, 0x0a, 0x05, 0x04, 0x04, 0x02, 0x01, 0x03, 0x12, 0x04,
    0xa2, 0x01, 0x38, 0x39, 0x0a, 0x0d, 0x0a, 0x05, 0x04, 0x04, 0x02, 0x01, 0x08, 0x12, 0x04, 0xa2,
    0x01, 0x3a, 0x62, 0x0a, 0x10, 0x0a, 0x08, 0x04, 0x04, 0x02, 0x01, 0x08, 0x9c, 0x08, 0x00, 0x12,
    0x04, 0xa2, 0x01, 0x3b, 0x61, 0x0a, 0xc2, 0x01, 0x0a, 0x02, 0x04, 0x05, 0x12, 0x06, 0xa8, 0x01,
    0x00, 0xac, 0x01, 0x01, 0x1a, 0xb3, 0x01, 0x20, 0x41, 0x75, 0x74, 0x6f, 0x6d, 0x61, 0x74, 0x69,
    0x6f, 0x6e, 0x54, 0x72, 0x69, 0x67, 0x67, 0x65, 0x72, 0x41, 0x63, 0x74, 0x69, 0x6f, 0x6e, 0x50,
    0x61, 0x72, 0x61, 0x6d, 0x73, 0x20, 0x69, 0x73, 0x20, 0x74, 0x68, 0x65, 0x20, 0x70, 0x75, 0x62,
    0x6c, 0x69, 0x63, 0x20, 0x61, 0x63, 0x74, 0x69, 0x6f, 0x6e, 0x5f, 0x70, 0x61, 0x72, 0x61, 0x6d,
    0x73, 0x20, 0x73, 0x68, 0x61, 0x70, 0x65, 0x2e, 0x20, 0x6f, 0x6e, 0x65, 0x6f, 0x66, 0x20, 0x62,
    0x79, 0x0a, 0x20, 0x61, 0x63, 0x74, 0x69, 0x6f, 0x6e, 0x20, 0x6b, 0x69, 0x6e, 0x64, 0x20, 0x73,
    0x6f, 0x20, 0x66, 0x75, 0x74, 0x75, 0x72, 0x65, 0x20, 0x64, 0x69, 0x73, 0x70, 0x61, 0x74, 0x63,
    0x68, 0x20, 0x74, 0x79, 0x70, 0x65, 0x73, 0x20, 0x28, 0x77, 0x65, 0x62, 0x68, 0x6f, 0x6f, 0x6b,
    0x2c, 0x20, 0x65, 0x6d, 0x61, 0x69, 0x6c, 0x2c, 0x20, 0x2e, 0x2e, 0x2e, 0x29, 0x20, 0x64, 0x6f,
    0x6e, 0x27, 0x74, 0x20, 0x66, 0x61, 0x6c, 0x6c, 0x20, 0x62, 0x61, 0x63, 0x6b, 0x0a, 0x20, 0x74,
    0x6f, 0x20, 0x67, 0x6f, 0x6f, 0x67, 0x6c, 0x65, 0x2e, 0x70, 0x72, 0x6f, 0x74, 0x6f, 0x62, 0x75,
    0x66, 0x2e, 0x53, 0x74, 0x72, 0x75, 0x63, 0x74, 0x2e, 0x0a, 0x0a, 0x0b, 0x0a, 0x03, 0x04, 0x05,
    0x01, 0x12, 0x04, 0xa8, 0x01, 0x08, 0x25, 0x0a, 0x0e, 0x0a, 0x04, 0x04, 0x05, 0x08, 0x00, 0x12,
    0x06, 0xa9, 0x01, 0x02, 0xab, 0x01, 0x03, 0x0a, 0x0d, 0x0a, 0x05, 0x04, 0x05, 0x08, 0x00, 0x01,
    0x12, 0x04, 0xa9, 0x01, 0x08, 0x0c, 0x0a, 0x0d, 0x0a, 0x05, 0x04, 0x05, 0x02, 0x00, 0x06, 0x12,
    0x04, 0xaa, 0x01, 0x04, 0x20, 0x0a, 0x0c, 0x0a, 0x04, 0x04, 0x05, 0x02, 0x00, 0x12, 0x04, 0xaa,
    0x01, 0x04, 0x37, 0x0a, 0x0d, 0x0a, 0x05, 0x04, 0x05, 0x02, 0x00, 0x01, 0x12, 0x04, 0xaa, 0x01,
    0x21, 0x32, 0x0a, 0x0d, 0x0a, 0x05, 0x04, 0x05, 0x02, 0x00, 0x03, 0x12, 0x04, 0xaa, 0x01, 0x35,
    0x36, 0x0a, 0x0c, 0x0a, 0x02, 0x04, 0x06, 0x12, 0x06, 0xae, 0x01, 0x00, 0xd5, 0x01, 0x01, 0x0a,
    0x0b, 0x0a, 0x03, 0x04, 0x06, 0x01, 0x12, 0x04, 0xae, 0x01, 0x08, 0x19, 0x0a, 0x0d, 0x0a, 0x05,
    0x04, 0x06, 0x02, 0x00, 0x05, 0x12, 0x04, 0xaf, 0x01, 0x02, 0x08, 0x0a, 0x0c, 0x0a, 0x04, 0x04,
    0x06, 0x02, 0x00, 0x12, 0x04, 0xaf, 0x01, 0x02, 0x4c, 0x0a, 0x0d, 0x0a, 0x05, 0x04, 0x06, 0x02,
    0x00, 0x01, 0x12, 0x04, 0xaf, 0x01, 0x09, 0x1e, 0x0a, 0x0d, 0x0a, 0x05, 0x04, 0x06, 0x02, 0x00,
    0x03, 0x12, 0x04, 0xaf, 0x01, 0x21, 0x22, 0x0a, 0x0d, 0x0a, 0x05, 0x04, 0x06, 0x02, 0x00, 0x08,
    0x12, 0x04, 0xaf, 0x01, 0x23, 0x4b, 0x0a, 0x10, 0x0a, 0x08, 0x04, 0x06, 0x02, 0x00, 0x08, 0x9c,
    0x08, 0x00, 0x12, 0x04, 0xaf, 0x01, 0x24, 0x4a, 0x0a, 0x0d, 0x0a, 0x05, 0x04, 0x06, 0x02, 0x01,
    0x05, 0x12, 0x04, 0xb0, 0x01, 0x02, 0x08, 0x0a, 0x0c, 0x0a, 0x04, 0x04, 0x06, 0x02, 0x01, 0x12,
    0x04, 0xb0, 0x01, 0x02, 0x46, 0x0a, 0x0d, 0x0a, 0x05, 0x04, 0x06, 0x02, 0x01, 0x01, 0x12, 0x04,
    0xb0, 0x01, 0x09, 0x18, 0x0a, 0x0d, 0x0a, 0x05, 0x04, 0x06, 0x02, 0x01, 0x03, 0x12, 0x04, 0xb0,
    0x01, 0x1b, 0x1c, 0x0a, 0x0d, 0x0a, 0x05, 0x04, 0x06, 0x02, 0x01, 0x08, 0x12, 0x04, 0xb0, 0x01,
    0x1d, 0x45, 0x0a, 0x10, 0x0a, 0x08, 0x04, 0x06, 0x02, 0x01, 0x08, 0x9c, 0x08, 0x00, 0x12, 0x04,
    0xb0, 0x01, 0x1e, 0x44, 0x0a, 0x0d, 0x0a, 0x05, 0x04, 0x06, 0x02, 0x02, 0x05, 0x12, 0x04, 0xb1,
    0x01, 0x02, 0x08, 0x0a, 0x0c, 0x0a, 0x04, 0x04, 0x06, 0x02, 0x02, 0x12, 0x04, 0xb1, 0x01, 0x02,
    0x40, 0x0a, 0x0d, 0x0a, 0x05, 0x04, 0x06, 0x02, 0x02, 0x01, 0x12, 0x04, 0xb1, 0x01, 0x09, 0x12,
    0x0a, 0x0d, 0x0a, 0x05, 0x04, 0x06, 0x02, 0x02, 0x03, 0x12, 0x04, 0xb1, 0x01, 0x15, 0x16, 0x0a,
    0x0d, 0x0a, 0x05, 0x04, 0x06, 0x02, 0x02, 0x08, 0x12, 0x04, 0xb1, 0x01, 0x17, 0x3f, 0x0a, 0x10,
    0x0a, 0x08, 0x04, 0x06, 0x02, 0x02, 0x08, 0x9c, 0x08, 0x00, 0x12, 0x04, 0xb1, 0x01, 0x18, 0x3e,
    0x0a, 0x0d, 0x0a, 0x05, 0x04, 0x06, 0x02, 0x03, 0x05, 0x12, 0x04, 0xb2, 0x01, 0x02, 0x08, 0x0a,
    0x0c, 0x0a, 0x04, 0x04, 0x06, 0x02, 0x03, 0x12, 0x04, 0xb2, 0x01, 0x02, 0x3b, 0x0a, 0x0d, 0x0a,
    0x05, 0x04, 0x06, 0x02, 0x03, 0x01, 0x12, 0x04, 0xb2, 0x01, 0x09, 0x0d, 0x0a, 0x0d, 0x0a, 0x05,
    0x04, 0x06, 0x02, 0x03, 0x03, 0x12, 0x04, 0xb2, 0x01, 0x10, 0x11, 0x0a, 0x0d, 0x0a, 0x05, 0x04,
    0x06, 0x02, 0x03, 0x08, 0x12, 0x04, 0xb2, 0x01, 0x12, 0x3a, 0x0a, 0x10, 0x0a, 0x08, 0x04, 0x06,
    0x02, 0x03, 0x08, 0x9c, 0x08, 0x00, 0x12, 0x04, 0xb2, 0x01, 0x13, 0x39, 0x0a, 0x0d, 0x0a, 0x05,
    0x04, 0x06, 0x02, 0x04, 0x06, 0x12, 0x04, 0xb3, 0x01, 0x02, 0x1e, 0x0a, 0x0c, 0x0a, 0x04, 0x04,
    0x06, 0x02, 0x04, 0x12, 0x04, 0xb3, 0x01, 0x02, 0x59, 0x0a, 0x0d, 0x0a, 0x05, 0x04, 0x06, 0x02,
    0x04, 0x01, 0x12, 0x04, 0xb3, 0x01, 0x1f, 0x2b, 0x0a, 0x0d, 0x0a, 0x05, 0x04, 0x06, 0x02, 0x04,
    0x03, 0x12, 0x04, 0xb3, 0x01, 0x2e, 0x2f, 0x0a, 0x0d, 0x0a, 0x05, 0x04, 0x06, 0x02, 0x04, 0x08,
    0x12, 0x04, 0xb3, 0x01, 0x30, 0x58, 0x0a, 0x10, 0x0a, 0x08, 0x04, 0x06, 0x02, 0x04, 0x08, 0x9c,
    0x08, 0x00, 0x12, 0x04, 0xb3, 0x01, 0x31, 0x57, 0x0a, 0x0d, 0x0a, 0x05, 0x04, 0x06, 0x02, 0x05,
    0x05, 0x12, 0x04, 0xb8, 0x01, 0x02, 0x08, 0x0a, 0xad, 0x01, 0x0a, 0x04, 0x04, 0x06, 0x02, 0x05,
    0x12, 0x04, 0xb8, 0x01, 0x02, 0x3e, 0x1a, 0x9e, 0x01, 0x20, 0x49, 0x6d, 0x70, 0x65, 0x72, 0x73,
    0x6f, 0x6e, 0x61, 0x74, 0x69, 0x6f, 0x6e, 0x20, 0x75, 0x73, 0x65, 0x72, 0x20, 0x6d, 0x61, 0x74,
    0x65, 0x72, 0x69, 0x61, 0x6c, 0x69, 0x7a, 0x65, 0x64, 0x20, 0x61, 0x74, 0x20, 0x63, 0x72, 0x65,
    0x61, 0x74, 0x65, 0x20, 0x74, 0x69, 0x6d, 0x65, 0x2e, 0x20, 0x52, 0x65, 0x63, 0x68, 0x65, 0x63,
    0x6b, 0x20, 0x68, 0x61, 0x70, 0x70, 0x65, 0x6e, 0x73, 0x20, 0x61, 0x74, 0x0a, 0x20, 0x64, 0x69,
    0x73, 0x70, 0x61, 0x74, 0x63, 0x68, 0x20, 0x77, 0x68, 0x65, 0x6e, 0x20, 0x74, 0x68, 0x65, 0x20,
    0x61, 0x75, 0x74, 0x6f, 0x6d, 0x61, 0x74, 0x69, 0x6f, 0x6e, 0x20, 0x77, 0x6f, 0x72, 0x6b, 0x65,
    0x72, 0x20, 0x69, 0x6d, 0x70, 0x65, 0x72, 0x73, 0x6f, 0x6e, 0x61, 0x74, 0x65, 0x73, 0x20, 0x74,
    0x68, 0x69, 0x73, 0x20, 0x75, 0x73, 0x65, 0x72, 0x20, 0x66, 0x6f, 0x72, 0x20, 0x74, 0x68, 0x65,
    0x0a, 0x20, 0x45, 0x76, 0x61, 0x6c, 0x75, 0x61, 0x74, 0x65, 0x43, 0x61, 0x6e, 0x76, 0x61, 0x73,
    0x20, 0x63, 0x61, 0x6c, 0x6c, 0x2e, 0x0a, 0x0a, 0x0d, 0x0a, 0x05, 0x04, 0x06, 0x02, 0x05, 0x01,
    0x12, 0x04, 0xb8, 0x01, 0x09, 0x10, 0x0a, 0x0d, 0x0a, 0x05, 0x04, 0x06, 0x02, 0x05, 0x03, 0x12,
    0x04, 0xb8, 0x01, 0x13, 0x14, 0x0a, 0x0d, 0x0a, 0x05, 0x04, 0x06, 0x02, 0x05, 0x08, 0x12, 0x04,
    0xb8, 0x01, 0x15, 0x3d, 0x0a, 0x10, 0x0a, 0x08, 0x04, 0x06, 0x02, 0x05, 0x08, 0x9c, 0x08, 0x00,
    0x12, 0x04, 0xb8, 0x01, 0x16, 0x3c, 0x0a, 0x0d, 0x0a, 0x05, 0x04, 0x06, 0x02, 0x06, 0x06, 0x12,
    0x04, 0xba, 0x01, 0x02, 0x1d, 0x0a, 0x0c, 0x0a, 0x04, 0x04, 0x06, 0x02, 0x06, 0x12, 0x04, 0xba,
    0x01, 0x02, 0x57, 0x0a, 0x0d, 0x0a, 0x05, 0x04, 0x06, 0x02, 0x06, 0x01, 0x12, 0x04, 0xba, 0x01,
    0x1e, 0x29, 0x0a, 0x0d, 0x0a, 0x05, 0x04, 0x06, 0x02, 0x06, 0x03, 0x12, 0x04, 0xba, 0x01, 0x2c,
    0x2d, 0x0a, 0x0d, 0x0a, 0x05, 0x04, 0x06, 0x02, 0x06, 0x08, 0x12, 0x04, 0xba, 0x01, 0x2e, 0x56,
    0x0a, 0x10, 0x0a, 0x08, 0x04, 0x06, 0x02, 0x06, 0x08, 0x9c, 0x08, 0x00, 0x12, 0x04, 0xba, 0x01,
    0x2f, 0x55, 0x0a, 0x0d, 0x0a, 0x05, 0x04, 0x06, 0x02, 0x07, 0x06, 0x12, 0x04, 0xc1, 0x01, 0x02,
    0x1f, 0x0a, 0xb4, 0x02, 0x0a, 0x04, 0x04, 0x06, 0x02, 0x07, 0x12, 0x04, 0xc1, 0x01, 0x02, 0x5b,
    0x1a, 0xa5, 0x02, 0x20, 0x54, 0x79, 0x70, 0x65, 0x64, 0x20, 0x74, 0x65, 0x6d, 0x70, 0x6c, 0x61,
    0x74, 0x65, 0x20, 0x61, 0x63, 0x74, 0x69, 0x6f, 0x6e, 0x20, 0x70, 0x61, 0x72, 0x61, 0x6d, 0x73,
    0x2e, 0x20, 0x4d, 0x75, 0x73, 0x74, 0x20, 0x61, 0x67, 0x72, 0x65, 0x65, 0x20, 0x77, 0x69, 0x74,
    0x68, 0x20, 0x60, 0x61, 0x63, 0x74, 0x69, 0x6f, 0x6e, 0x5f, 0x6b, 0x69, 0x6e, 0x64, 0x60, 0x20,
    0x28, 0x65, 0x2e, 0x67, 0x2e, 0x0a, 0x20, 0x43, 0x41, 0x4e, 0x56, 0x41, 0x53, 0x5f, 0x45, 0x56,
    0x41, 0x4c, 0x55, 0x41, 0x54, 0x49, 0x4f, 0x4e, 0x20, 0x72, 0x65, 0x71, 0x75, 0x69, 0x72, 0x65,
    0x73, 0x20, 0x60, 0x61, 0x63, 0x74, 0x69, 0x6f, 0x6e, 0x5f, 0x70, 0x61, 0x72, 0x61, 0x6d, 0x73,
    0x2e, 0x63, 0x61, 0x6e, 0x76, 0x61, 0x73, 0x5f, 0x65, 0x76, 0x61, 0x6c, 0x75, 0x61, 0x74, 0x69,
    0x6f, 0x6e, 0x60, 0x29, 0x2e, 0x20, 0x54, 0x68, 0x65, 0x20, 0x6d, 0x61, 0x74, 0x63, 0x68, 0x0a,
    0x20, 0x6a, 0x6f, 0x62, 0x20, 0x72, 0x65, 0x73, 0x6f, 0x6c, 0x76, 0x65, 0x73, 0x20, 0x77, 0x69,
    0x6c, 0x64, 0x63, 0x61, 0x72, 0x64, 0x73, 0x20, 0x69, 0x6e, 0x74, 0x6f, 0x0a, 0x20, 0x61, 0x75,
    0x74, 0x6f, 0x6d, 0x61, 0x74, 0x69, 0x6f, 0x6e, 0x5f, 0x74, 0x72, 0x69, 0x67, 0x67, 0x65, 0x72,
    0x65, 0x64, 0x5f, 0x65, 0x76, 0x65, 0x6e, 0x74, 0x73, 0x2e, 0x61, 0x63, 0x74, 0x69, 0x6f, 0x6e,
    0x5f, 0x70, 0x61, 0x72, 0x61, 0x6d, 0x73, 0x5f, 0x73, 0x6e, 0x61, 0x70, 0x73, 0x68, 0x6f, 0x74,
    0x3b, 0x20, 0x74, 0x68, 0x65, 0x20, 0x61, 0x75, 0x74, 0x6f, 0x6d, 0x61, 0x74, 0x69, 0x6f, 0x6e,
    0x0a, 0x20, 0x77, 0x6f, 0x72, 0x6b, 0x65, 0x72, 0x20, 0x70, 0x61, 0x73, 0x73, 0x2d, 0x74, 0x68,
    0x72, 0x6f, 0x75, 0x67, 0x68, 0x73, 0x20, 0x74, 0x68, 0x61, 0x74, 0x20, 0x73, 0x6e, 0x61, 0x70,
    0x73, 0x68, 0x6f, 0x74, 0x20, 0x74, 0x6f, 0x20, 0x45, 0x76, 0x61, 0x6c, 0x75, 0x61, 0x74, 0x65,
    0x43, 0x61, 0x6e, 0x76, 0x61, 0x73, 0x2e, 0x0a, 0x0a, 0x0d, 0x0a, 0x05, 0x04, 0x06, 0x02, 0x07,
    0x01, 0x12, 0x04, 0xc1, 0x01, 0x20, 0x2d, 0x0a, 0x0d, 0x0a, 0x05, 0x04, 0x06, 0x02, 0x07, 0x03,
    0x12, 0x04, 0xc1, 0x01, 0x30, 0x31, 0x0a, 0x0d, 0x0a, 0x05, 0x04, 0x06, 0x02, 0x07, 0x08, 0x12,
    0x04, 0xc1, 0x01, 0x32, 0x5a, 0x0a, 0x10, 0x0a, 0x08, 0x04, 0x06, 0x02, 0x07, 0x08, 0x9c, 0x08,
    0x00, 0x12, 0x04, 0xc1, 0x01, 0x33, 0x59, 0x0a, 0x0d, 0x0a, 0x05, 0x04, 0x06, 0x02, 0x08, 0x05,
    0x12, 0x04, 0xc3, 0x01, 0x02, 0x06, 0x0a, 0x0c, 0x0a, 0x04, 0x04, 0x06, 0x02, 0x08, 0x12, 0x04,
    0xc3, 0x01, 0x02, 0x3f, 0x0a, 0x0d, 0x0a, 0x05, 0x04, 0x06, 0x02, 0x08, 0x01, 0x12, 0x04, 0xc3,
    0x01, 0x07, 0x11, 0x0a, 0x0d, 0x0a, 0x05, 0x04, 0x06, 0x02, 0x08, 0x03, 0x12, 0x04, 0xc3, 0x01,
    0x14, 0x15, 0x0a, 0x0d, 0x0a, 0x05, 0x04, 0x06, 0x02, 0x08, 0x08, 0x12, 0x04, 0xc3, 0x01, 0x16,
    0x3e, 0x0a, 0x10, 0x0a, 0x08, 0x04, 0x06, 0x02, 0x08, 0x08, 0x9c, 0x08, 0x00, 0x12, 0x04, 0xc3,
    0x01, 0x17, 0x3d, 0x0a, 0x0d, 0x0a, 0x05, 0x04, 0x06, 0x02, 0x09, 0x04, 0x12, 0x04, 0xc4, 0x01,
    0x02, 0x0a, 0x0a, 0x0c, 0x0a, 0x04, 0x04, 0x06, 0x02, 0x09, 0x12, 0x04, 0xc4, 0x01, 0x02, 0x61,
    0x0a, 0x0d, 0x0a, 0x05, 0x04, 0x06, 0x02, 0x09, 0x06, 0x12, 0x04, 0xc4, 0x01, 0x0b, 0x24, 0x0a,
    0x0d, 0x0a, 0x05, 0x04, 0x06, 0x02, 0x09, 0x01, 0x12, 0x04, 0xc4, 0x01, 0x25, 0x32, 0x0a, 0x0d,
    0x0a, 0x05, 0x04, 0x06, 0x02, 0x09, 0x03, 0x12, 0x04, 0xc4, 0x01, 0x35, 0x37, 0x0a, 0x0d, 0x0a,
    0x05, 0x04, 0x06, 0x02, 0x09, 0x08, 0x12, 0x04, 0xc4, 0x01, 0x38, 0x60, 0x0a, 0x10, 0x0a, 0x08,
    0x04, 0x06, 0x02, 0x09, 0x08, 0x9c, 0x08, 0x00, 0x12, 0x04, 0xc4, 0x01, 0x39, 0x5f, 0x0a, 0x0d,
    0x0a, 0x05, 0x04, 0x06, 0x02, 0x0a, 0x05, 0x12, 0x04, 0xc5, 0x01, 0x02, 0x06, 0x0a, 0x0c, 0x0a,
    0x04, 0x04, 0x06, 0x02, 0x0a, 0x12, 0x04, 0xc5, 0x01, 0x02, 0x41, 0x0a, 0x0d, 0x0a, 0x05, 0x04,
    0x06, 0x02, 0x0a, 0x01, 0x12, 0x04, 0xc5, 0x01, 0x07, 0x12, 0x0a, 0x0d, 0x0a, 0x05, 0x04, 0x06,
    0x02, 0x0a, 0x03, 0x12, 0x04, 0xc5, 0x01, 0x15, 0x17, 0x0a, 0x0d, 0x0a, 0x05, 0x04, 0x06, 0x02,
    0x0a, 0x08, 0x12, 0x04, 0xc5, 0x01, 0x18, 0x40, 0x0a, 0x10, 0x0a, 0x08, 0x04, 0x06, 0x02, 0x0a,
    0x08, 0x9c, 0x08, 0x00, 0x12, 0x04, 0xc5, 0x01, 0x19, 0x3f, 0x0a, 0x0d, 0x0a, 0x05, 0x04, 0x06,
    0x02, 0x0b, 0x06, 0x12, 0x04, 0xc7, 0x01, 0x02, 0x1b, 0x0a, 0x0c, 0x0a, 0x04, 0x04, 0x06, 0x02,
    0x0b, 0x12, 0x04, 0xc7, 0x01, 0x02, 0x57, 0x0a, 0x0d, 0x0a, 0x05, 0x04, 0x06, 0x02, 0x0b, 0x01,
    0x12, 0x04, 0xc7, 0x01, 0x1c, 0x28, 0x0a, 0x0d, 0x0a, 0x05, 0x04, 0x06, 0x02, 0x0b, 0x03, 0x12,
    0x04, 0xc7, 0x01, 0x2b, 0x2d, 0x0a, 0x0d, 0x0a, 0x05, 0x04, 0x06, 0x02, 0x0b, 0x08, 0x12, 0x04,
    0xc7, 0x01, 0x2e, 0x56, 0x0a, 0x10, 0x0a, 0x08, 0x04, 0x06, 0x02, 0x0b, 0x08, 0x9c, 0x08, 0x00,
    0x12, 0x04, 0xc7, 0x01, 0x2f, 0x55, 0x0a, 0x0d, 0x0a, 0x05, 0x04, 0x06, 0x02, 0x0c, 0x06, 0x12,
    0x04, 0xc8, 0x01, 0x02, 0x1b, 0x0a, 0x0c, 0x0a, 0x04, 0x04, 0x06, 0x02, 0x0c, 0x12, 0x04, 0xc8,
    0x01, 0x02, 0x58, 0x0a, 0x0d, 0x0a, 0x05, 0x04, 0x06, 0x02, 0x0c, 0x01, 0x12, 0x04, 0xc8, 0x01,
    0x1c, 0x29, 0x0a, 0x0d, 0x0a, 0x05, 0x04, 0x06, 0x02, 0x0c, 0x03, 0x12, 0x04, 0xc8, 0x01, 0x2c,
    0x2e, 0x0a, 0x0d, 0x0a, 0x05, 0x04, 0x06, 0x02, 0x0c, 0x08, 0x12, 0x04, 0xc8, 0x01, 0x2f, 0x57,
    0x0a, 0x10, 0x0a, 0x08, 0x04, 0x06, 0x02, 0x0c, 0x08, 0x9c, 0x08, 0x00, 0x12, 0x04, 0xc8, 0x01,
    0x30, 0x56, 0x0a, 0x0d, 0x0a, 0x05, 0x04, 0x06, 0x02, 0x0d, 0x05, 0x12, 0x04, 0xc9, 0x01, 0x02,
    0x08, 0x0a, 0x0c, 0x0a, 0x04, 0x04, 0x06, 0x02, 0x0d, 0x12, 0x04, 0xc9, 0x01, 0x02, 0x4a, 0x0a,
    0x0d, 0x0a, 0x05, 0x04, 0x06, 0x02, 0x0d, 0x01, 0x12, 0x04, 0xc9, 0x01, 0x09, 0x1b, 0x0a, 0x0d,
    0x0a, 0x05, 0x04, 0x06, 0x02, 0x0d, 0x03, 0x12, 0x04, 0xc9, 0x01, 0x1e, 0x20, 0x0a, 0x0d, 0x0a,
    0x05, 0x04, 0x06, 0x02, 0x0d, 0x08, 0x12, 0x04, 0xc9, 0x01, 0x21, 0x49, 0x0a, 0x10, 0x0a, 0x08,
    0x04, 0x06, 0x02, 0x0d, 0x08, 0x9c, 0x08, 0x00, 0x12, 0x04, 0xc9, 0x01, 0x22, 0x48, 0x0a, 0x0d,
    0x0a, 0x05, 0x04, 0x06, 0x02, 0x0e, 0x05, 0x12, 0x04, 0xca, 0x01, 0x02, 0x08, 0x0a, 0x0c, 0x0a,
    0x04, 0x04, 0x06, 0x02, 0x0e, 0x12, 0x04, 0xca, 0x01, 0x02, 0x4b, 0x0a, 0x0d, 0x0a, 0x05, 0x04,
    0x06, 0x02, 0x0e, 0x01, 0x12, 0x04, 0xca, 0x01, 0x09, 0x1c, 0x0a, 0x0d, 0x0a, 0x05, 0x04, 0x06,
    0x02, 0x0e, 0x03, 0x12, 0x04, 0xca, 0x01, 0x1f, 0x21, 0x0a, 0x0d, 0x0a, 0x05, 0x04, 0x06, 0x02,
    0x0e, 0x08, 0x12, 0x04, 0xca, 0x01, 0x22, 0x4a, 0x0a, 0x10, 0x0a, 0x08, 0x04, 0x06, 0x02, 0x0e,
    0x08, 0x9c, 0x08, 0x00, 0x12, 0x04, 0xca, 0x01, 0x23, 0x49, 0x0a, 0x0d, 0x0a, 0x05, 0x04, 0x06,
    0x02, 0x0f, 0x05, 0x12, 0x04, 0xcf, 0x01, 0x02, 0x06, 0x0a, 0xb3, 0x01, 0x0a, 0x04, 0x04, 0x06,
    0x02, 0x0f, 0x12, 0x04, 0xcf, 0x01, 0x02, 0x51, 0x1a, 0xa4, 0x01, 0x20, 0x57, 0x68, 0x65, 0x6e,
    0x20, 0x74, 0x72, 0x75, 0x65, 0x2c, 0x20, 0x64, 0x69, 0x73, 0x70, 0x61, 0x74, 0x63, 0x68, 0x65,
    0x73, 0x20, 0x61, 0x6c, 0x73, 0x6f, 0x20, 0x73, 0x65, 0x6e, 0x64, 0x20, 0x61, 0x6e, 0x20, 0x65,
    0x6d, 0x61, 0x69, 0x6c, 0x20, 0x74, 0x6f, 0x20, 0x6e, 0x6f, 0x74, 0x69, 0x66, 0x69, 0x63, 0x61,
    0x74, 0x69, 0x6f, 0x6e, 0x5f, 0x72, 0x65, 0x63, 0x69, 0x70, 0x69, 0x65, 0x6e, 0x74, 0x5f, 0x65,
    0x6d, 0x61, 0x69, 0x6c, 0x73, 0x2e, 0x0a, 0x20, 0x54, 0x68, 0x65, 0x20, 0x69, 0x6e, 0x2d, 0x61,
    0x70, 0x70, 0x20, 0x6e, 0x6f, 0x74, 0x69, 0x66, 0x69, 0x63, 0x61, 0x74, 0x69, 0x6f, 0x6e, 0x20,
    0x74, 0x6f, 0x20, 0x74, 0x68, 0x65, 0x20, 0x74, 0x72, 0x69, 0x67, 0x67, 0x65, 0x72, 0x27, 0x73,
    0x20, 0x63, 0x72, 0x65, 0x61, 0x74, 0x6f, 0x72, 0x20, 0x69, 0x73, 0x20, 0x61, 0x6c, 0x77, 0x61,
    0x79, 0x73, 0x20, 0x63, 0x72, 0x65, 0x61, 0x74, 0x65, 0x64, 0x2e, 0x0a, 0x20, 0x44, 0x65, 0x66,
    0x61, 0x75, 0x6c, 0x74, 0x73, 0x20, 0x74, 0x6f, 0x20, 0x74, 0x72, 0x75, 0x65, 0x2e, 0x0a, 0x0a,
    0x0d, 0x0a, 0x05, 0x04, 0x06, 0x02, 0x0f, 0x01, 0x12, 0x04, 0xcf, 0x01, 0x07, 0x22, 0x0a, 0x0d,
    0x0a, 0x05, 0x04, 0x06, 0x02, 0x0f, 0x03, 0x12, 0x04, 0xcf, 0x01, 0x25, 0x27, 0x0a, 0x0d, 0x0a,
    0x05, 0x04, 0x06, 0x02, 0x0f, 0x08, 0x12, 0x04, 0xcf, 0x01, 0x28, 0x50, 0x0a, 0x10, 0x0a, 0x08,
    0x04, 0x06, 0x02, 0x0f, 0x08, 0x9c, 0x08, 0x00, 0x12, 0x04, 0xcf, 0x01, 0x29, 0x4f, 0x0a, 0x0d,
    0x0a, 0x05, 0x04, 0x06, 0x02, 0x10, 0x04, 0x12, 0x04, 0xd4, 0x01, 0x02, 0x0a, 0x0a, 0xdc, 0x01,
    0x0a, 0x04, 0x04, 0x06, 0x02, 0x10, 0x12, 0x04, 0xd4, 0x01, 0x02, 0x5e, 0x1a, 0xcd, 0x01, 0x20,
    0x41, 0x64, 0x64, 0x72, 0x65, 0x73, 0x73, 0x65, 0x73, 0x20, 0x65, 0x6d, 0x61, 0x69, 0x6c, 0x65,
    0x64, 0x20, 0x77, 0x68, 0x65, 0x6e, 0x20, 0x74, 0x68, 0x69, 0x73, 0x20, 0x74, 0x72, 0x69, 0x67,
    0x67, 0x65, 0x72, 0x20, 0x64, 0x69, 0x73, 0x70, 0x61, 0x74, 0x63, 0x68, 0x65, 0x73, 0x2e, 0x20,
    0x50, 0x6c, 0x61, 0x69, 0x6e, 0x20, 0x61, 0x64, 0x64, 0x72, 0x65, 0x73, 0x73, 0x65, 0x73, 0x20,
    0x72, 0x61, 0x74, 0x68, 0x65, 0x72, 0x0a, 0x20, 0x74, 0x68, 0x61, 0x6e, 0x20, 0x75, 0x73, 0x65,
    0x72, 0x20, 0x69, 0x64, 0x73, 0x2c, 0x20, 0x73, 0x6f, 0x20, 0x72, 0x65, 0x70, 0x6f, 0x72, 0x74,
    0x73, 0x20, 0x63, 0x61, 0x6e, 0x20, 0x72, 0x65, 0x61, 0x63, 0x68, 0x20, 0x73, 0x68, 0x61, 0x72,
    0x65, 0x64, 0x20, 0x69, 0x6e, 0x62, 0x6f, 0x78, 0x65, 0x73, 0x2c, 0x20, 0x74, 0x69, 0x63, 0x6b,
    0x65, 0x74, 0x20, 0x62, 0x6f, 0x74, 0x73, 0x20, 0x61, 0x6e, 0x64, 0x0a, 0x20, 0x64, 0x69, 0x73,
    0x74, 0x72, 0x69, 0x62, 0x75, 0x74, 0x69, 0x6f, 0x6e, 0x20, 0x6c, 0x69, 0x73, 0x74, 0x73, 0x2e,
    0x20, 0x45, 0x6d, 0x70, 0x74, 0x79, 0x20, 0x66, 0x61, 0x6c, 0x6c, 0x73, 0x20, 0x62, 0x61, 0x63,
    0x6b, 0x20, 0x74, 0x6f, 0x20, 0x74, 0x68, 0x65, 0x20, 0x63, 0x72, 0x65, 0x61, 0x74, 0x6f, 0x72,
    0x27, 0x73, 0x20, 0x61, 0x64, 0x64, 0x72, 0x65, 0x73, 0x73, 0x2e, 0x0a, 0x0a, 0x0d, 0x0a, 0x05,
    0x04, 0x06, 0x02, 0x10, 0x05, 0x12, 0x04, 0xd4, 0x01, 0x0b, 0x11, 0x0a, 0x0d, 0x0a, 0x05, 0x04,
    0x06, 0x02, 0x10, 0x01, 0x12, 0x04, 0xd4, 0x01, 0x12, 0x2f, 0x0a, 0x0d, 0x0a, 0x05, 0x04, 0x06,
    0x02, 0x10, 0x03, 0x12, 0x04, 0xd4, 0x01, 0x32, 0x34, 0x0a, 0x0d, 0x0a, 0x05, 0x04, 0x06, 0x02,
    0x10, 0x08, 0x12, 0x04, 0xd4, 0x01, 0x35, 0x5d, 0x0a, 0x10, 0x0a, 0x08, 0x04, 0x06, 0x02, 0x10,
    0x08, 0x9c, 0x08, 0x00, 0x12, 0x04, 0xd4, 0x01, 0x36, 0x5c, 0x0a, 0x53, 0x0a, 0x02, 0x04, 0x07,
    0x12, 0x06, 0xd8, 0x01, 0x00, 0xda, 0x01, 0x01, 0x1a, 0x45, 0x20, 0x54, 0x68, 0x65, 0x20, 0x72,
    0x65, 0x71, 0x75, 0x65, 0x73, 0x74, 0x20, 0x66, 0x6f, 0x72, 0x20, 0x61, 0x20, 0x63, 0x61, 0x6c,
    0x6c, 0x20, 0x74, 0x6f, 0x20, 0x60, 0x41, 0x75, 0x74, 0x6f, 0x6d, 0x61, 0x74, 0x69, 0x6f, 0x6e,
    0x53, 0x65, 0x72, 0x76, 0x69, 0x63, 0x65, 0x5f, 0x47, 0x65, 0x74, 0x41, 0x75, 0x74, 0x6f, 0x6d,
    0x61, 0x74, 0x69, 0x6f, 0x6e, 0x54, 0x72, 0x69, 0x67, 0x67, 0x65, 0x72, 0x60, 0x2e, 0x0a, 0x0a,
    0x0b, 0x0a, 0x03, 0x04, 0x07, 0x01, 0x12, 0x04, 0xd8, 0x01, 0x08, 0x23, 0x0a, 0x0d, 0x0a, 0x05,
    0x04, 0x07, 0x02, 0x00, 0x05, 0x12, 0x04, 0xd9, 0x01, 0x02, 0x08, 0x0a, 0x0c, 0x0a, 0x04, 0x04,
    0x07, 0x02, 0x00, 0x12, 0x04, 0xd9, 0x01, 0x02, 0x4c, 0x0a, 0x0d, 0x0a, 0x05, 0x04, 0x07, 0x02,
    0x00, 0x01, 0x12, 0x04, 0xd9, 0x01, 0x09, 0x1e, 0x0a, 0x0d, 0x0a, 0x05, 0x04, 0x07, 0x02, 0x00,
    0x03, 0x12, 0x04, 0xd9, 0x01, 0x21, 0x22, 0x0a, 0x0d, 0x0a, 0x05, 0x04, 0x07, 0x02, 0x00, 0x08,
    0x12, 0x04, 0xd9, 0x01, 0x23, 0x4b, 0x0a, 0x10, 0x0a, 0x08, 0x04, 0x07, 0x02, 0x00, 0x08, 0x9c,
    0x08, 0x00, 0x12, 0x04, 0xd9, 0x01, 0x24, 0x4a, 0x0a, 0x53, 0x0a, 0x02, 0x04, 0x08, 0x12, 0x06,
    0xdd, 0x01, 0x00, 0xdf, 0x01, 0x01, 0x1a, 0x45, 0x20, 0x54, 0x68, 0x65, 0x20, 0x72, 0x65, 0x73,
    0x70, 0x6f, 0x6e, 0x73, 0x65, 0x20, 0x6f, 0x66, 0x20, 0x61, 0x20, 0x63, 0x61, 0x6c, 0x6c, 0x20,
    0x74, 0x6f, 0x20, 0x60, 0x41, 0x75, 0x74, 0x6f, 0x6d, 0x61, 0x74, 0x69, 0x6f, 0x6e, 0x53, 0x65,
    0x72, 0x76, 0x69, 0x63, 0x65, 0x5f, 0x47, 0x65, 0x74, 0x41, 0x75, 0x74, 0x6f, 0x6d, 0x61, 0x74,
    0x69, 0x6f, 0x6e, 0x54, 0x72, 0x69, 0x67, 0x67, 0x65, 0x72, 0x60, 0x2e, 0x0a, 0x0a, 0x0b, 0x0a,
    0x03, 0x04, 0x08, 0x01, 0x12, 0x04, 0xdd, 0x01, 0x08, 0x24, 0x0a, 0x0d, 0x0a, 0x05, 0x04, 0x08,
    0x02, 0x00, 0x06, 0x12, 0x04, 0xde, 0x01, 0x02, 0x13, 0x0a, 0x0c, 0x0a, 0x04, 0x04, 0x08, 0x02,
    0x00, 0x12, 0x04, 0xde, 0x01, 0x02, 0x54, 0x0a, 0x0d, 0x0a, 0x05, 0x04, 0x08, 0x02, 0x00, 0x01,
    0x12, 0x04, 0xde, 0x01, 0x14, 0x26, 0x0a, 0x0d, 0x0a, 0x05, 0x04, 0x08, 0x02, 0x00, 0x03, 0x12,
    0x04, 0xde, 0x01, 0x29, 0x2a, 0x0a, 0x0d, 0x0a, 0x05, 0x04, 0x08, 0x02, 0x00, 0x08, 0x12, 0x04,
    0xde, 0x01, 0x2b, 0x53, 0x0a, 0x10, 0x0a, 0x08, 0x04, 0x08, 0x02, 0x00, 0x08, 0x9c, 0x08, 0x00,
    0x12, 0x04, 0xde, 0x01, 0x2c, 0x52, 0x0a, 0x56, 0x0a, 0x02, 0x04, 0x09, 0x12, 0x06, 0xe2, 0x01,
    0x00, 0xed, 0x01, 0x01, 0x1a, 0x48, 0x20, 0x54, 0x68, 0x65, 0x20, 0x72, 0x65, 0x71, 0x75, 0x65,
    0x73, 0x74, 0x20, 0x66, 0x6f, 0x72, 0x20, 0x61, 0x20, 0x63, 0x61, 0x6c, 0x6c, 0x20, 0x74, 0x6f,
    0x20, 0x60, 0x41, 0x75, 0x74, 0x6f, 0x6d, 0x61, 0x74, 0x69, 0x6f, 0x6e, 0x53, 0x65, 0x72, 0x76,
    0x69, 0x63, 0x65, 0x5f, 0x43, 0x72, 0x65, 0x61, 0x74, 0x65, 0x41, 0x75, 0x74, 0x6f, 0x6d, 0x61,
    0x74, 0x69, 0x6f, 0x6e, 0x54, 0x72, 0x69, 0x67, 0x67, 0x65, 0x72, 0x60, 0x2e, 0x0a, 0x0a, 0x0b,
    0x0a, 0x03, 0x04, 0x09, 0x01, 0x12, 0x04, 0xe2, 0x01, 0x08, 0x26, 0x0a, 0x0d, 0x0a, 0x05, 0x04,
    0x09, 0x02, 0x00, 0x05, 0x12, 0x04, 0xe3, 0x01, 0x02, 0x08, 0x0a, 0x0c, 0x0a, 0x04, 0x04, 0x09,
    0x02, 0x00, 0x12, 0x04, 0xe3, 0x01, 0x02, 0x40, 0x0a, 0x0d, 0x0a, 0x05, 0x04, 0x09, 0x02, 0x00,
    0x01, 0x12, 0x04, 0xe3, 0x01, 0x09, 0x12, 0x0a, 0x0d, 0x0a, 0x05, 0x04, 0x09, 0x02, 0x00, 0x03,
    0x12, 0x04, 0xe3, 0x01, 0x15, 0x16, 0x0a, 0x0d, 0x0a, 0x05, 0x04, 0x09, 0x02, 0x00, 0x08, 0x12,
    0x04, 0xe3, 0x01, 0x17, 0x3f, 0x0a, 0x10, 0x0a, 0x08, 0x04, 0x09, 0x02, 0x00, 0x08, 0x9c, 0x08,
    0x00, 0x12, 0x04, 0xe3, 0x01, 0x18, 0x3e, 0x0a, 0x0d, 0x0a, 0x05, 0x04, 0x09, 0x02, 0x01, 0x05,
    0x12, 0x04, 0xe4, 0x01, 0x02, 0x08, 0x0a, 0x0c, 0x0a, 0x04, 0x04, 0x09, 0x02, 0x01, 0x12, 0x04,
    0xe4, 0x01, 0x02, 0x3b, 0x0a, 0x0d, 0x0a, 0x05, 0x04, 0x09, 0x02, 0x01, 0x01, 0x12, 0x04, 0xe4,
    0x01, 0x09, 0x0d, 0x0a, 0x0d, 0x0a, 0x05, 0x04, 0x09, 0x02, 0x01, 0x03, 0x12, 0x04, 0xe4, 0x01,
    0x10, 0x11, 0x0a, 0x0d, 0x0a, 0x05, 0x04, 0x09, 0x02, 0x01, 0x08, 0x12, 0x04, 0xe4, 0x01, 0x12,
    0x3a, 0x0a, 0x10, 0x0a, 0x08, 0x04, 0x09, 0x02, 0x01, 0x08, 0x9c, 0x08, 0x00, 0x12, 0x04, 0xe4,
    0x01, 0x13, 0x39, 0x0a, 0x0d, 0x0a, 0x05, 0x04, 0x09, 0x02, 0x02, 0x06, 0x12, 0x04, 0xe5, 0x01,
    0x02, 0x1e, 0x0a, 0x0c, 0x0a, 0x04, 0x04, 0x09, 0x02, 0x02, 0x12, 0x04, 0xe5, 0x01, 0x02, 0x59,
    0x0a, 0x0d, 0x0a, 0x05, 0x04, 0x09, 0x02, 0x02, 0x01, 0x12, 0x04, 0xe5, 0x01, 0x1f, 0x2b, 0x0a,
    0x0d, 0x0a, 0x05, 0x04, 0x09, 0x02, 0x02, 0x03, 0x12, 0x04, 0xe5, 0x01, 0x2e, 0x2f, 0x0a, 0x0d,
    0x0a, 0x05, 0x04, 0x09, 0x02, 0x02, 0x08, 0x12, 0x04, 0xe5, 0x01, 0x30, 0x58, 0x0a, 0x10, 0x0a,
    0x08, 0x04, 0x09, 0x02, 0x02, 0x08, 0x9c, 0x08, 0x00, 0x12, 0x04, 0xe5, 0x01, 0x31, 0x57, 0x0a,
    0x0d, 0x0a, 0x05, 0x04, 0x09, 0x02, 0x03, 0x06, 0x12, 0x04, 0xe6, 0x01, 0x02, 0x1d, 0x0a, 0x0c,
    0x0a, 0x04, 0x04, 0x09, 0x02, 0x03, 0x12, 0x04, 0xe6, 0x01, 0x02, 0x57, 0x0a, 0x0d, 0x0a, 0x05,
    0x04, 0x09, 0x02, 0x03, 0x01, 0x12, 0x04, 0xe6, 0x01, 0x1e, 0x29, 0x0a, 0x0d, 0x0a, 0x05, 0x04,
    0x09, 0x02, 0x03, 0x03, 0x12, 0x04, 0xe6, 0x01, 0x2c, 0x2d, 0x0a, 0x0d, 0x0a, 0x05, 0x04, 0x09,
    0x02, 0x03, 0x08, 0x12, 0x04, 0xe6, 0x01, 0x2e, 0x56, 0x0a, 0x10, 0x0a, 0x08, 0x04, 0x09, 0x02,
    0x03, 0x08, 0x9c, 0x08, 0x00, 0x12, 0x04, 0xe6, 0x01, 0x2f, 0x55, 0x0a, 0x0d, 0x0a, 0x05, 0x04,
    0x09, 0x02, 0x04, 0x06, 0x12, 0x04, 0xe7, 0x01, 0x02, 0x1f, 0x0a, 0x0c, 0x0a, 0x04, 0x04, 0x09,
    0x02, 0x04, 0x12, 0x04, 0xe7, 0x01, 0x02, 0x5b, 0x0a, 0x0d, 0x0a, 0x05, 0x04, 0x09, 0x02, 0x04,
    0x01, 0x12, 0x04, 0xe7, 0x01, 0x20, 0x2d, 0x0a, 0x0d, 0x0a, 0x05, 0x04, 0x09, 0x02, 0x04, 0x03,
    0x12, 0x04, 0xe7, 0x01, 0x30, 0x31, 0x0a, 0x0d, 0x0a, 0x05, 0x04, 0x09, 0x02, 0x04, 0x08, 0x12,
    0x04, 0xe7, 0x01, 0x32, 0x5a, 0x0a, 0x10, 0x0a, 0x08, 0x04, 0x09, 0x02, 0x04, 0x08, 0x9c, 0x08,
    0x00, 0x12, 0x04, 0xe7, 0x01, 0x33, 0x59, 0x0a, 0x0d, 0x0a, 0x05, 0x04, 0x09, 0x02, 0x05, 0x04,
    0x12, 0x04, 0xe8, 0x01, 0x02, 0x0a, 0x0a, 0x0c, 0x0a, 0x04, 0x04, 0x09, 0x02, 0x05, 0x12, 0x04,
    0xe8, 0x01, 0x02, 0x48, 0x0a, 0x0d, 0x0a, 0x05, 0x04, 0x09, 0x02, 0x05, 0x05, 0x12, 0x04, 0xe8,
    0x01, 0x0b, 0x0f, 0x0a, 0x0d, 0x0a, 0x05, 0x04, 0x09, 0x02, 0x05, 0x01, 0x12, 0x04, 0xe8, 0x01,
    0x10, 0x1a, 0x0a, 0x0d, 0x0a, 0x05, 0x04, 0x09, 0x02, 0x05, 0x03, 0x12, 0x04, 0xe8, 0x01, 0x1d,
    0x1e, 0x0a, 0x0d, 0x0a, 0x05, 0x04, 0x09, 0x02, 0x05, 0x08, 0x12, 0x04, 0xe8, 0x01, 0x1f, 0x47,
    0x0a, 0x10, 0x0a, 0x08, 0x04, 0x09, 0x02, 0x05, 0x08, 0x9c, 0x08, 0x00, 0x12, 0x04, 0xe8, 0x01,
    0x20, 0x46, 0x0a, 0x0d, 0x0a, 0x05, 0x04, 0x09, 0x02, 0x06, 0x04, 0x12, 0x04, 0xea, 0x01, 0x02,
    0x0a, 0x0a, 0x2c, 0x0a, 0x04, 0x04, 0x09, 0x02, 0x06, 0x12, 0x04, 0xea, 0x01, 0x02, 0x59, 0x1a,
    0x1e, 0x20, 0x44, 0x65, 0x66, 0x61, 0x75, 0x6c, 0x74, 0x73, 0x20, 0x74, 0x6f, 0x20, 0x74, 0x72,
    0x75, 0x65, 0x20, 0x77, 0x68, 0x65, 0x6e, 0x20, 0x75, 0x6e, 0x73, 0x65, 0x74, 0x2e, 0x0a, 0x0a,
    0x0d, 0x0a, 0x05, 0x04, 0x09, 0x02, 0x06, 0x05, 0x12, 0x04, 0xea, 0x01, 0x0b, 0x0f, 0x0a, 0x0d,
    0x0a, 0x05, 0x04, 0x09, 0x02, 0x06, 0x01, 0x12, 0x04, 0xea, 0x01, 0x10, 0x2b, 0x0a, 0x0d, 0x0a,
    0x05, 0x04, 0x09, 0x02, 0x06, 0x03, 0x12, 0x04, 0xea, 0x01, 0x2e, 0x2f, 0x0a, 0x0d, 0x0a, 0x05,
    0x04, 0x09, 0x02, 0x06, 0x08, 0x12, 0x04, 0xea, 0x01, 0x30, 0x58, 0x0a, 0x10, 0x0a, 0x08, 0x04,
    0x09, 0x02, 0x06, 0x08, 0x9c, 0x08, 0x00, 0x12, 0x04, 0xea, 0x01, 0x31, 0x57, 0x0a, 0x0d, 0x0a,
    0x05, 0x04, 0x09, 0x02, 0x07, 0x04, 0x12, 0x04, 0xec, 0x01, 0x02, 0x0a, 0x0a, 0x43, 0x0a, 0x04,
    0x04, 0x09, 0x02, 0x07, 0x12, 0x04, 0xec, 0x01, 0x02, 0x5d, 0x1a, 0x35, 0x20, 0x44, 0x65, 0x66,
    0x61, 0x75, 0x6c, 0x74, 0x73, 0x20, 0x74, 0x6f, 0x20, 0x74, 0x68, 0x65, 0x20, 0x63, 0x72, 0x65,
    0x61, 0x74, 0x69, 0x6e, 0x67, 0x20, 0x75, 0x73, 0x65, 0x72, 0x27, 0x73, 0x20, 0x61, 0x64, 0x64,
    0x72, 0x65, 0x73, 0x73, 0x20, 0x77, 0x68, 0x65, 0x6e, 0x20, 0x65, 0x6d, 0x70, 0x74, 0x79, 0x2e,
    0x0a, 0x0a, 0x0d, 0x0a, 0x05, 0x04, 0x09, 0x02, 0x07, 0x05, 0x12, 0x04, 0xec, 0x01, 0x0b, 0x11,
    0x0a, 0x0d, 0x0a, 0x05, 0x04, 0x09, 0x02, 0x07, 0x01, 0x12, 0x04, 0xec, 0x01, 0x12, 0x2f, 0x0a,
    0x0d, 0x0a, 0x05, 0x04, 0x09, 0x02, 0x07, 0x03, 0x12, 0x04, 0xec, 0x01, 0x32, 0x33, 0x0a, 0x0d,
    0x0a, 0x05, 0x04, 0x09, 0x02, 0x07, 0x08, 0x12, 0x04, 0xec, 0x01, 0x34, 0x5c, 0x0a, 0x10, 0x0a,
    0x08, 0x04, 0x09, 0x02, 0x07, 0x08, 0x9c, 0x08, 0x00, 0x12, 0x04, 0xec, 0x01, 0x35, 0x5b, 0x0a,
    0x56, 0x0a, 0x02, 0x04, 0x0a, 0x12, 0x06, 0xf0, 0x01, 0x00, 0xf2, 0x01, 0x01, 0x1a, 0x48, 0x20,
    0x54, 0x68, 0x65, 0x20, 0x72, 0x65, 0x73, 0x70, 0x6f, 0x6e, 0x73, 0x65, 0x20, 0x6f, 0x66, 0x20,
    0x61, 0x20, 0x63, 0x61, 0x6c, 0x6c, 0x20, 0x74, 0x6f, 0x20, 0x60, 0x41, 0x75, 0x74, 0x6f, 0x6d,
    0x61, 0x74, 0x69, 0x6f, 0x6e, 0x53, 0x65, 0x72, 0x76, 0x69, 0x63, 0x65, 0x5f, 0x43, 0x72, 0x65,
    0x61, 0x74, 0x65, 0x41, 0x75, 0x74, 0x6f, 0x6d, 0x61, 0x74, 0x69, 0x6f, 0x6e, 0x54, 0x72, 0x69,
    0x67, 0x67, 0x65, 0x72, 0x60, 0x2e, 0x0a, 0x0a, 0x0b, 0x0a, 0x03, 0x04, 0x0a, 0x01, 0x12, 0x04,
    0xf0, 0x01, 0x08, 0x27, 0x0a, 0x0d, 0x0a, 0x05, 0x04, 0x0a, 0x02, 0x00, 0x06, 0x12, 0x04, 0xf1,
    0x01, 0x02, 0x13, 0x0a, 0x0c, 0x0a, 0x04, 0x04, 0x0a, 0x02, 0x00, 0x12, 0x04, 0xf1, 0x01, 0x02,
    0x54, 0x0a, 0x0d, 0x0a, 0x05, 0x04, 0x0a, 0x02, 0x00, 0x01, 0x12, 0x04, 0xf1, 0x01, 0x14, 0x26,
    0x0a, 0x0d, 0x0a, 0x05, 0x04, 0x0a, 0x02, 0x00, 0x03, 0x12, 0x04, 0xf1, 0x01, 0x29, 0x2a, 0x0a,
    0x0d, 0x0a, 0x05, 0x04, 0x0a, 0x02, 0x00, 0x08, 0x12, 0x04, 0xf1, 0x01, 0x2b, 0x53, 0x0a, 0x10,
    0x0a, 0x08, 0x04, 0x0a, 0x02, 0x00, 0x08, 0x9c, 0x08, 0x00, 0x12, 0x04, 0xf1, 0x01, 0x2c, 0x52,
    0x0a, 0xdb, 0x01, 0x0a, 0x02, 0x04, 0x0b, 0x12, 0x06, 0xf7, 0x01, 0x00, 0xfb, 0x01, 0x01, 0x1a,
    0xcc, 0x01, 0x20, 0x54, 0x68, 0x65, 0x20, 0x72, 0x65, 0x71, 0x75, 0x65, 0x73, 0x74, 0x20, 0x66,
    0x6f, 0x72, 0x20, 0x61, 0x20, 0x63, 0x61, 0x6c, 0x6c, 0x20, 0x74, 0x6f, 0x20, 0x60, 0x41, 0x75,
    0x74, 0x6f, 0x6d, 0x61, 0x74, 0x69, 0x6f, 0x6e, 0x53, 0x65, 0x72, 0x76, 0x69, 0x63, 0x65, 0x5f,
    0x55, 0x70, 0x64, 0x61, 0x74, 0x65, 0x41, 0x75, 0x74, 0x6f, 0x6d, 0x61, 0x74, 0x69, 0x6f, 0x6e,
    0x54, 0x72, 0x69, 0x67, 0x67, 0x65, 0x72, 0x60, 0x2e, 0x0a, 0x20, 0x54, 0x68, 0x65, 0x20, 0x74,
    0x72, 0x69, 0x67, 0x67, 0x65, 0x72, 0x27, 0x73, 0x20, 0x60, 0x61, 0x75, 0x74, 0x6f, 0x6d, 0x61,
    0x74, 0x69, 0x6f, 0x6e, 0x5f, 0x74, 0x72, 0x69, 0x67, 0x67, 0x65, 0x72, 0x5f, 0x69, 0x64, 0x60,
    0x20, 0x69, 0x73, 0x20, 0x75, 0x73, 0x65, 0x64, 0x20, 0x74, 0x6f, 0x20, 0x69, 0x64, 0x65, 0x6e,
    0x74, 0x69, 0x66, 0x79, 0x20, 0x74, 0x68, 0x65, 0x20, 0x72, 0x6f, 0x77, 0x3b, 0x20, 0x65, 0x76,
    0x65, 0x72, 0x79, 0x0a, 0x20, 0x6f, 0x74, 0x68, 0x65, 0x72, 0x20, 0x66, 0x69, 0x65, 0x6c, 0x64,
    0x20, 0x69, 0x73, 0x20, 0x61, 0x70, 0x70, 0x6c, 0x69, 0x65, 0x64, 0x20, 0x6f, 0x6e, 0x6c, 0x79,
    0x20, 0x77, 0x68, 0x65, 0x6e, 0x20, 0x6e, 0x61, 0x6d, 0x65, 0x64, 0x20, 0x69, 0x6e, 0x20, 0x60,
    0x75, 0x70, 0x64, 0x61, 0x74, 0x65, 0x5f, 0x6d, 0x61, 0x73, 0x6b, 0x60, 0x2e, 0x0a, 0x0a, 0x0b,
    0x0a, 0x03, 0x04, 0x0b, 0x01, 0x12, 0x04, 0xf7, 0x01, 0x08, 0x26, 0x0a, 0x0d, 0x0a, 0x05, 0x04,
    0x0b, 0x02, 0x00, 0x06, 0x12, 0x04, 0xf8, 0x01, 0x02, 0x13, 0x0a, 0x0c, 0x0a, 0x04, 0x04, 0x0b,
    0x02, 0x00, 0x12, 0x04, 0xf8, 0x01, 0x02, 0x54, 0x0a, 0x0d, 0x0a, 0x05, 0x04, 0x0b, 0x02, 0x00,
    0x01, 0x12, 0x04, 0xf8, 0x01, 0x14, 0x26, 0x0a, 0x0d, 0x0a, 0x05, 0x04, 0x0b, 0x02, 0x00, 0x03,
    0x12, 0x04, 0xf8, 0x01, 0x29, 0x2a, 0x0a, 0x0d, 0x0a, 0x05, 0x04, 0x0b, 0x02, 0x00, 0x08, 0x12,
    0x04, 0xf8, 0x01, 0x2b, 0x53, 0x0a, 0x10, 0x0a, 0x08, 0x04, 0x0b, 0x02, 0x00, 0x08, 0x9c, 0x08,
    0x00, 0x12, 0x04, 0xf8, 0x01, 0x2c, 0x52, 0x0a, 0x0d, 0x0a, 0x05, 0x04, 0x0b, 0x02, 0x01, 0x06,
    0x12, 0x04, 0xfa, 0x01, 0x02, 0x1b, 0x0a, 0x0c, 0x0a, 0x04, 0x04, 0x0b, 0x02, 0x01, 0x12, 0x04,
    0xfa, 0x01, 0x02, 0x55, 0x0a, 0x0d, 0x0a, 0x05, 0x04, 0x0b, 0x02, 0x01, 0x01, 0x12, 0x04, 0xfa,
    0x01, 0x1c, 0x27, 0x0a, 0x0d, 0x0a, 0x05, 0x04, 0x0b, 0x02, 0x01, 0x03, 0x12, 0x04, 0xfa, 0x01,
    0x2a, 0x2b, 0x0a, 0x0d, 0x0a, 0x05, 0x04, 0x0b, 0x02, 0x01, 0x08, 0x12, 0x04, 0xfa, 0x01, 0x2c,
    0x54, 0x0a, 0x10, 0x0a, 0x08, 0x04, 0x0b, 0x02, 0x01, 0x08, 0x9c, 0x08, 0x00, 0x12, 0x04, 0xfa,
    0x01, 0x2d, 0x53, 0x0a, 0xe6, 0x01, 0x0a, 0x02, 0x04, 0x0c, 0x12, 0x06, 0x80, 0x02, 0x00, 0x82,
    0x02, 0x01, 0x1a, 0xd7, 0x01, 0x20, 0x54, 0x68, 0x65, 0x20, 0x72, 0x65, 0x73, 0x70, 0x6f, 0x6e,
    0x73, 0x65, 0x20, 0x6f, 0x66, 0x20, 0x61, 0x20, 0x63, 0x61, 0x6c, 0x6c, 0x20, 0x74, 0x6f, 0x20,
    0x60, 0x41, 0x75, 0x74, 0x6f, 0x6d, 0x61, 0x74, 0x69, 0x6f, 0x6e, 0x53, 0x65, 0x72, 0x76, 0x69,
    0x63, 0x65, 0x5f, 0x55, 0x70, 0x64, 0x61, 0x74, 0x65, 0x41, 0x75, 0x74, 0x6f, 0x6d, 0x61, 0x74,
    0x69, 0x6f, 0x6e, 0x54, 0x72, 0x69, 0x67, 0x67, 0x65, 0x72, 0x60, 0x2e, 0x0a, 0x20, 0x54, 0x6f,
    0x20, 0x61, 0x72, 0x63, 0x68, 0x69, 0x76, 0x65, 0x20, 0x61, 0x20, 0x74, 0x72, 0x69, 0x67, 0x67,
    0x65, 0x72, 0x2c, 0x20, 0x69, 0x6e, 0x63, 0x6c, 0x75, 0x64, 0x65, 0x20, 0x60, 0x61, 0x72, 0x63,
    0x68, 0x69, 0x76, 0x65, 0x64, 0x5f, 0x64, 0x61, 0x74, 0x65, 0x60, 0x20, 0x69, 0x6e, 0x20, 0x74,
    0x68, 0x65, 0x20, 0x6d, 0x61, 0x73, 0x6b, 0x20, 0x61, 0x6e, 0x64, 0x20, 0x73, 0x65, 0x74, 0x20,
    0x74, 0x68, 0x65, 0x0a, 0x20, 0x66, 0x69, 0x65, 0x6c, 0x64, 0x2e, 0x20, 0x54, 0x6f, 0x20, 0x75,
    0x6e, 0x61, 0x72, 0x63, 0x68, 0x69, 0x76, 0x65, 0x2c, 0x20, 0x69, 0x6e, 0x63, 0x6c, 0x75, 0x64,
    0x65, 0x20, 0x60, 0x61, 0x72, 0x63, 0x68, 0x69, 0x76, 0x65, 0x64, 0x5f, 0x64, 0x61, 0x74, 0x65,
    0x60, 0x20, 0x69, 0x6e, 0x20, 0x74, 0x68, 0x65, 0x20, 0x6d, 0x61, 0x73, 0x6b, 0x20, 0x61, 0x6e,
    0x64, 0x20, 0x63, 0x6c, 0x65, 0x61, 0x72, 0x20, 0x69, 0x74, 0x2e, 0x0a, 0x0a, 0x0b, 0x0a, 0x03,
    0x04, 0x0c, 0x01, 0x12, 0x04, 0x80, 0x02, 0x08, 0x27, 0x0a, 0x0d, 0x0a, 0x05, 0x04, 0x0c, 0x02,
    0x00, 0x06, 0x12, 0x04, 0x81, 0x02, 0x02, 0x13, 0x0a, 0x0c, 0x0a, 0x04, 0x04, 0x0c, 0x02, 0x00,
    0x12, 0x04, 0x81, 0x02, 0x02, 0x54, 0x0a, 0x0d, 0x0a, 0x05, 0x04, 0x0c, 0x02, 0x00, 0x01, 0x12,
    0x04, 0x81, 0x02, 0x14, 0x26, 0x0a, 0x0d, 0x0a, 0x05, 0x04, 0x0c, 0x02, 0x00, 0x03, 0x12, 0x04,
    0x81, 0x02, 0x29, 0x2a, 0x0a, 0x0d, 0x0a, 0x05, 0x04, 0x0c, 0x02, 0x00, 0x08, 0x12, 0x04, 0x81,
    0x02, 0x2b, 0x53, 0x0a, 0x10, 0x0a, 0x08, 0x04, 0x0c, 0x02, 0x00, 0x08, 0x9c, 0x08, 0x00, 0x12,
    0x04, 0x81, 0x02, 0x2c, 0x52, 0x0a, 0x55, 0x0a, 0x02, 0x04, 0x0d, 0x12, 0x06, 0x85, 0x02, 0x00,
    0x90, 0x02, 0x01, 0x1a, 0x47, 0x20, 0x54, 0x68, 0x65, 0x20, 0x72, 0x65, 0x71, 0x75, 0x65, 0x73,
    0x74, 0x20, 0x66, 0x6f, 0x72, 0x20, 0x61, 0x20, 0x63, 0x61, 0x6c, 0x6c, 0x20, 0x74, 0x6f, 0x20,
    0x60, 0x41, 0x75, 0x74, 0x6f, 0x6d, 0x61, 0x74, 0x69, 0x6f, 0x6e, 0x53, 0x65, 0x72, 0x76, 0x69,
    0x63, 0x65, 0x5f, 0x4c, 0x69, 0x73, 0x74, 0x41, 0x75, 0x74, 0x6f, 0x6d, 0x61, 0x74, 0x69, 0x6f,
    0x6e, 0x54, 0x72, 0x69, 0x67, 0x67, 0x65, 0x72, 0x73, 0x60, 0x2e, 0x0a, 0x0a, 0x0b, 0x0a, 0x03,
    0x04, 0x0d, 0x01, 0x12, 0x04, 0x85, 0x02, 0x08, 0x25, 0x0a, 0x0d, 0x0a, 0x05, 0x04, 0x0d, 0x02,
    0x00, 0x05, 0x12, 0x04, 0x86, 0x02, 0x02, 0x08, 0x0a, 0x0c, 0x0a, 0x04, 0x04, 0x0d, 0x02, 0x00,
    0x12, 0x04, 0x86, 0x02, 0x02, 0x40, 0x0a, 0x0d, 0x0a, 0x05, 0x04, 0x0d, 0x02, 0x00, 0x01, 0x12,
    0x04, 0x86, 0x02, 0x09, 0x12, 0x0a, 0x0d, 0x0a, 0x05, 0x04, 0x0d, 0x02, 0x00, 0x03, 0x12, 0x04,
    0x86, 0x02, 0x15, 0x16, 0x0a, 0x0d, 0x0a, 0x05, 0x04, 0x0d, 0x02, 0x00, 0x08, 0x12, 0x04, 0x86,
    0x02, 0x17, 0x3f, 0x0a, 0x10, 0x0a, 0x08, 0x04, 0x0d, 0x02, 0x00, 0x08, 0x9c, 0x08, 0x00, 0x12,
    0x04, 0x86, 0x02, 0x18, 0x3e, 0x0a, 0x0d, 0x0a, 0x05, 0x04, 0x0d, 0x02, 0x01, 0x05, 0x12, 0x04,
    0x87, 0x02, 0x02, 0x08, 0x0a, 0x0c, 0x0a, 0x04, 0x04, 0x0d, 0x02, 0x01, 0x12, 0x04, 0x87, 0x02,
    0x02, 0x41, 0x0a, 0x0d, 0x0a, 0x05, 0x04, 0x0d, 0x02, 0x01, 0x01, 0x12, 0x04, 0x87, 0x02, 0x09,
    0x13, 0x0a, 0x0d, 0x0a, 0x05, 0x04, 0x0d, 0x02, 0x01, 0x03, 0x12, 0x04, 0x87, 0x02, 0x16, 0x17,
    0x0a, 0x0d, 0x0a, 0x05, 0x04, 0x0d, 0x02, 0x01, 0x08, 0x12, 0x04, 0x87, 0x02, 0x18, 0x40, 0x0a,
    0x10, 0x0a, 0x08, 0x04, 0x0d, 0x02, 0x01, 0x08, 0x9c, 0x08, 0x00, 0x12, 0x04, 0x87, 0x02, 0x19,
    0x3f, 0x0a, 0x0d, 0x0a, 0x05, 0x04, 0x0d, 0x02, 0x02, 0x05, 0x12, 0x04, 0x8b, 0x02, 0x02, 0x08,
    0x0a, 0x9a, 0x01, 0x0a, 0x04, 0x04, 0x0d, 0x02, 0x02, 0x12, 0x04, 0x8b, 0x02, 0x02, 0x3d, 0x1a,
    0x8b, 0x01, 0x20, 0x43, 0x45, 0x4c, 0x20, 0x66, 0x69, 0x6c, 0x74, 0x65, 0x72, 0x2e, 0x20, 0x41,
    0x76, 0x61, 0x69, 0x6c, 0x61, 0x62, 0x6c, 0x65, 0x20, 0x66, 0x69, 0x65, 0x6c, 0x64, 0x73, 0x3a,
    0x20, 0x60, 0x61, 0x75, 0x74, 0x6f, 0x6d, 0x61, 0x74, 0x69, 0x6f, 0x6e, 0x5f, 0x74, 0x72, 0x69,
    0x67, 0x67, 0x65, 0x72, 0x5f, 0x69, 0x64, 0x60, 0x2c, 0x20, 0x60, 0x63, 0x61, 0x6e, 0x76, 0x61,
    0x73, 0x5f, 0x69, 0x64, 0x60, 0x2c, 0x0a, 0x20, 0x60, 0x6e, 0x61, 0x6d, 0x65, 0x60, 0x2c, 0x20,
    0x60, 0x61, 0x63, 0x74, 0x69, 0x6f, 0x6e, 0x5f, 0x6b, 0x69, 0x6e, 0x64, 0x60, 0x2c, 0x20, 0x60,
    0x69, 0x73, 0x5f, 0x65, 0x6e, 0x61, 0x62, 0x6c, 0x65, 0x64, 0x60, 0x2c, 0x20, 0x60, 0x69, 0x73,
    0x5f, 0x61, 0x72, 0x63, 0x68, 0x69, 0x76, 0x65, 0x64, 0x60, 0x2c, 0x20, 0x60, 0x61, 0x72, 0x63,
    0x68, 0x69, 0x76, 0x65, 0x64, 0x5f, 0x64, 0x61, 0x74, 0x65, 0x60, 0x2e, 0x0a, 0x0a, 0x0d, 0x0a,
    0x05, 0x04, 0x0d, 0x02, 0x02, 0x01, 0x12, 0x04, 0x8b, 0x02, 0x09, 0x0f, 0x0a, 0x0d, 0x0a, 0x05,
    0x04, 0x0d, 0x02, 0x02, 0x03, 0x12, 0x04, 0x8b, 0x02, 0x12, 0x13, 0x0a, 0x0d, 0x0a, 0x05, 0x04,
    0x0d, 0x02, 0x02, 0x08, 0x12, 0x04, 0x8b, 0x02, 0x14, 0x3c, 0x0a, 0x10, 0x0a, 0x08, 0x04, 0x0d,
    0x02, 0x02, 0x08, 0x9c, 0x08, 0x00, 0x12, 0x04, 0x8b, 0x02, 0x15, 0x3b, 0x0a, 0x0d, 0x0a, 0x05,
    0x04, 0x0d, 0x02, 0x03, 0x05, 0x12, 0x04, 0x8f, 0x02, 0x02, 0x08, 0x0a, 0x73, 0x0a, 0x04, 0x04,
    0x0d, 0x02, 0x03, 0x12, 0x04, 0x8f, 0x02, 0x02, 0x3f, 0x1a, 0x65, 0x20, 0x4f, 0x72, 0x64, 0x65,
    0x72, 0x2d, 0x62, 0x79, 0x2e, 0x20, 0x41, 0x76, 0x61, 0x69, 0x6c, 0x61, 0x62, 0x6c, 0x65, 0x20,
    0x66, 0x69, 0x65, 0x6c, 0x64, 0x73, 0x3a, 0x20, 0x60, 0x63, 0x72, 0x65, 0x61, 0x74, 0x65, 0x64,
    0x5f, 0x64, 0x61, 0x74, 0x65, 0x60, 0x2c, 0x20, 0x60, 0x6d, 0x6f, 0x64, 0x69, 0x66, 0x69, 0x65,
    0x64, 0x5f, 0x64, 0x61, 0x74, 0x65, 0x60, 0x2c, 0x20, 0x60, 0x6e, 0x61, 0x6d, 0x65, 0x60, 0x2e,
    0x0a, 0x20, 0x44, 0x65, 0x66, 0x61, 0x75, 0x6c, 0x74, 0x3a, 0x20, 0x60, 0x63, 0x72, 0x65, 0x61,
    0x74, 0x65, 0x64, 0x5f, 0x64, 0x61, 0x74, 0x65, 0x20, 0x64, 0x65, 0x73, 0x63, 0x60, 0x2e, 0x0a,
    0x0a, 0x0d, 0x0a, 0x05, 0x04, 0x0d, 0x02, 0x03, 0x01, 0x12, 0x04, 0x8f, 0x02, 0x09, 0x11, 0x0a,
    0x0d, 0x0a, 0x05, 0x04, 0x0d, 0x02, 0x03, 0x03, 0x12, 0x04, 0x8f, 0x02, 0x14, 0x15, 0x0a, 0x0d,
    0x0a, 0x05, 0x04, 0x0d, 0x02, 0x03, 0x08, 0x12, 0x04, 0x8f, 0x02, 0x16, 0x3e, 0x0a, 0x10, 0x0a,
    0x08, 0x04, 0x0d, 0x02, 0x03, 0x08, 0x9c, 0x08, 0x00, 0x12, 0x04, 0x8f, 0x02, 0x17, 0x3d, 0x0a,
    0x55, 0x0a, 0x02, 0x04, 0x0e, 0x12, 0x06, 0x93, 0x02, 0x00, 0x96, 0x02, 0x01, 0x1a, 0x47, 0x20,
    0x54, 0x68, 0x65, 0x20, 0x72, 0x65, 0x73, 0x70, 0x6f, 0x6e, 0x73, 0x65, 0x20, 0x6f, 0x66, 0x20,
    0x61, 0x20, 0x63, 0x61, 0x6c, 0x6c, 0x20, 0x74, 0x6f, 0x20, 0x60, 0x41, 0x75, 0x74, 0x6f, 0x6d,
    0x61, 0x74, 0x69, 0x6f, 0x6e, 0x53, 0x65, 0x72, 0x76, 0x69, 0x63, 0x65, 0x5f, 0x4c, 0x69, 0x73,
    0x74, 0x41, 0x75, 0x74, 0x6f, 0x6d, 0x61, 0x74, 0x69, 0x6f, 0x6e, 0x54, 0x72, 0x69, 0x67, 0x67,
    0x65, 0x72, 0x73, 0x60, 0x2e, 0x0a, 0x0a, 0x0b, 0x0a, 0x03, 0x04, 0x0e, 0x01, 0x12, 0x04, 0x93,
    0x02, 0x08, 0x26, 0x0a, 0x0d, 0x0a, 0x05, 0x04, 0x0e, 0x02, 0x00, 0x04, 0x12, 0x04, 0x94, 0x02,
    0x02, 0x0a, 0x0a, 0x0c, 0x0a, 0x04, 0x04, 0x0e, 0x02, 0x00, 0x12, 0x04, 0x94, 0x02, 0x02, 0x5e,
    0x0a, 0x0d, 0x0a, 0x05, 0x04, 0x0e, 0x02, 0x00, 0x06, 0x12, 0x04, 0x94, 0x02, 0x0b, 0x1c, 0x0a,
    0x0d, 0x0a, 0x05, 0x04, 0x0e, 0x02, 0x00, 0x01, 0x12, 0x04, 0x94, 0x02, 0x1d, 0x30, 0x0a, 0x0d,
    0x0a, 0x05, 0x04, 0x0e, 0x02, 0x00, 0x03, 0x12, 0x04, 0x94, 0x02, 0x33, 0x34, 0x0a, 0x0d, 0x0a,
    0x05, 0x04, 0x0e, 0x02, 0x00, 0x08, 0x12, 0x04, 0x94, 0x02, 0x35, 0x5d, 0x0a, 0x10, 0x0a, 0x08,
    0x04, 0x0e, 0x02, 0x00, 0x08, 0x9c, 0x08, 0x00, 0x12, 0x04, 0x94, 0x02, 0x36, 0x5c, 0x0a, 0x0d,
    0x0a, 0x05, 0x04, 0x0e, 0x02, 0x01, 0x05, 0x12, 0x04, 0x95, 0x02, 0x02, 0x08, 0x0a, 0x0c, 0x0a,
    0x04, 0x04, 0x0e, 0x02, 0x01, 0x12, 0x04, 0x95, 0x02, 0x02, 0x46, 0x0a, 0x0d, 0x0a, 0x05, 0x04,
    0x0e, 0x02, 0x01, 0x01, 0x12, 0x04, 0x95, 0x02, 0x09, 0x18, 0x0a, 0x0d, 0x0a, 0x05, 0x04, 0x0e,
    0x02, 0x01, 0x03, 0x12, 0x04, 0x95, 0x02, 0x1b, 0x1c, 0x0a, 0x0d, 0x0a, 0x05, 0x04, 0x0e, 0x02,
    0x01, 0x08, 0x12, 0x04, 0x95, 0x02, 0x1d, 0x45, 0x0a, 0x10, 0x0a, 0x08, 0x04, 0x0e, 0x02, 0x01,
    0x08, 0x9c, 0x08, 0x00, 0x12, 0x04, 0x95, 0x02, 0x1e, 0x44, 0x0a, 0x7e, 0x0a, 0x02, 0x04, 0x0f,
    0x12, 0x06, 0x9a, 0x02, 0x00, 0x9c, 0x02, 0x01, 0x1a, 0x70, 0x20, 0x54, 0x68, 0x65, 0x20, 0x72,
    0x65, 0x71, 0x75, 0x65, 0x73, 0x74, 0x20, 0x66, 0x6f, 0x72, 0x20, 0x61, 0x20, 0x63, 0x61, 0x6c,
    0x6c, 0x20, 0x74, 0x6f, 0x20, 0x60, 0x41, 0x75, 0x74, 0x6f, 0x6d, 0x61, 0x74, 0x69, 0x6f, 0x6e,
    0x53, 0x65, 0x72, 0x76, 0x69, 0x63, 0x65, 0x5f, 0x44, 0x65, 0x6c, 0x65, 0x74, 0x65, 0x41, 0x75,
    0x74, 0x6f, 0x6d, 0x61, 0x74, 0x69, 0x6f, 0x6e, 0x54, 0x72, 0x69, 0x67, 0x67, 0x65, 0x72, 0x60,
    0x2e, 0x0a, 0x20, 0x53, 0x6f, 0x66, 0x74, 0x2d, 0x64, 0x65, 0x6c, 0x65, 0x74, 0x65, 0x73, 0x20,
    0x62, 0x79, 0x20, 0x73, 0x65, 0x74, 0x74, 0x69, 0x6e, 0x67, 0x20, 0x61, 0x72, 0x63, 0x68, 0x69,
    0x76, 0x65, 0x64, 0x5f, 0x64, 0x61, 0x74, 0x65, 0x2e, 0x0a, 0x0a, 0x0b, 0x0a, 0x03, 0x04, 0x0f,
    0x01, 0x12, 0x04, 0x9a, 0x02, 0x08, 0x26, 0x0a, 0x0d, 0x0a, 0x05, 0x04, 0x0f, 0x02, 0x00, 0x05,
    0x12, 0x04, 0x9b, 0x02, 0x02, 0x08, 0x0a, 0x0c, 0x0a, 0x04, 0x04, 0x0f, 0x02, 0x00, 0x12, 0x04,
    0x9b, 0x02, 0x02, 0x4c, 0x0a, 0x0d, 0x0a, 0x05, 0x04, 0x0f, 0x02, 0x00, 0x01, 0x12, 0x04, 0x9b,
    0x02, 0x09, 0x1e, 0x0a, 0x0d, 0x0a, 0x05, 0x04, 0x0f, 0x02, 0x00, 0x03, 0x12, 0x04, 0x9b, 0x02,
    0x21, 0x22, 0x0a, 0x0d, 0x0a, 0x05, 0x04, 0x0f, 0x02, 0x00, 0x08, 0x12, 0x04, 0x9b, 0x02, 0x23,
    0x4b, 0x0a, 0x10, 0x0a, 0x08, 0x04, 0x0f, 0x02, 0x00, 0x08, 0x9c, 0x08, 0x00, 0x12, 0x04, 0x9b,
    0x02, 0x24, 0x4a, 0x0a, 0x54, 0x0a, 0x02, 0x04, 0x10, 0x12, 0x04, 0x9f, 0x02, 0x00, 0x2a, 0x1a,
    0x48, 0x20, 0x54, 0x68, 0x65, 0x20, 0x72, 0x65, 0x73, 0x70, 0x6f, 0x6e, 0x73, 0x65, 0x20, 0x6f,
    0x66, 0x20, 0x61, 0x20, 0x63, 0x61, 0x6c, 0x6c, 0x20, 0x74, 0x6f, 0x20, 0x60, 0x41, 0x75, 0x74,
    0x6f, 0x6d, 0x61, 0x74, 0x69, 0x6f, 0x6e, 0x53, 0x65, 0x72, 0x76, 0x69, 0x63, 0x65, 0x5f, 0x44,
    0x65, 0x6c, 0x65, 0x74, 0x65, 0x41, 0x75, 0x74, 0x6f, 0x6d, 0x61, 0x74, 0x69, 0x6f, 0x6e, 0x54,
    0x72, 0x69, 0x67, 0x67, 0x65, 0x72, 0x60, 0x2e, 0x0a, 0x0a, 0x0b, 0x0a, 0x03, 0x04, 0x10, 0x01,
    0x12, 0x04, 0x9f, 0x02, 0x08, 0x27, 0x0a, 0x7f, 0x0a, 0x02, 0x05, 0x03, 0x12, 0x06, 0xa3, 0x02,
    0x00, 0xaa, 0x02, 0x01, 0x1a, 0x71, 0x20, 0x41, 0x75, 0x74, 0x6f, 0x6d, 0x61, 0x74, 0x69, 0x6f,
    0x6e, 0x54, 0x72, 0x69, 0x67, 0x67, 0x65, 0x72, 0x65, 0x64, 0x45, 0x76, 0x65, 0x6e, 0x74, 0x53,
    0x74, 0x61, 0x74, 0x65, 0x20, 0x69, 0x73, 0x20, 0x74, 0x68, 0x65, 0x20, 0x6c, 0x69, 0x66, 0x65,
    0x63, 0x79, 0x63, 0x6c, 0x65, 0x20, 0x6f, 0x66, 0x20, 0x61, 0x20, 0x73, 0x69, 0x6e, 0x67, 0x6c,
    0x65, 0x0a, 0x20, 0x28, 0x61, 0x75, 0x74, 0x6f, 0x6d, 0x61, 0x74, 0x69, 0x6f, 0x6e, 0x5f, 0x74,
    0x72, 0x69, 0x67, 0x67, 0x65, 0x72, 0x2c, 0x20, 0x72, 0x75, 0x6e, 0x29, 0x20, 0x6d, 0x61, 0x74,
    0x63, 0x68, 0x20, 0x2f, 0x20, 0x64, 0x69, 0x73, 0x70, 0x61, 0x74, 0x63, 0x68, 0x20, 0x61, 0x74,
    0x74, 0x65, 0x6d, 0x70, 0x74, 0x2e, 0x0a, 0x0a, 0x0b, 0x0a, 0x03, 0x05, 0x03, 0x01, 0x12, 0x04,
    0xa3, 0x02, 0x05, 0x22, 0x0a, 0x0d, 0x0a, 0x05, 0x05, 0x03, 0x02, 0x00, 0x01, 0x12, 0x04, 0xa4,
    0x02, 0x02, 0x2e, 0x0a, 0x0c, 0x0a, 0x04, 0x05, 0x03, 0x02, 0x00, 0x12, 0x04, 0xa4, 0x02, 0x02,
    0x33, 0x0a, 0x0d, 0x0a, 0x05, 0x05, 0x03, 0x02, 0x00, 0x02, 0x12, 0x04, 0xa4, 0x02, 0x31, 0x32,
    0x0a, 0x0d, 0x0a, 0x05, 0x05, 0x03, 0x02, 0x01, 0x01, 0x12, 0x04, 0xa5, 0x02, 0x02, 0x2a, 0x0a,
    0x0c, 0x0a, 0x04, 0x05, 0x03, 0x02, 0x01, 0x12, 0x04, 0xa5, 0x02, 0x02, 0x2f, 0x0a, 0x0d, 0x0a,
    0x05, 0x05, 0x03, 0x02, 0x01, 0x02, 0x12, 0x04, 0xa5, 0x02, 0x2d, 0x2e, 0x0a, 0x0d, 0x0a, 0x05,
    0x05, 0x03, 0x02, 0x02, 0x01, 0x12, 0x04, 0xa6, 0x02, 0x02, 0x2e, 0x0a, 0x0c, 0x0a, 0x04, 0x05,
    0x03, 0x02, 0x02, 0x12, 0x04, 0xa6, 0x02, 0x02, 0x33, 0x0a, 0x0d, 0x0a, 0x05, 0x05, 0x03, 0x02,
    0x02, 0x02, 0x12, 0x04, 0xa6, 0x02, 0x31, 0x32, 0x0a, 0x0d, 0x0a, 0x05, 0x05, 0x03, 0x02, 0x03,
    0x01, 0x12, 0x04, 0xa7, 0x02, 0x02, 0x27, 0x0a, 0x0c, 0x0a, 0x04, 0x05, 0x03, 0x02, 0x03, 0x12,
    0x04, 0xa7, 0x02, 0x02, 0x2c, 0x0a, 0x0d, 0x0a, 0x05, 0x05, 0x03, 0x02, 0x03, 0x02, 0x12, 0x04,
    0xa7, 0x02, 0x2a, 0x2b, 0x0a, 0x0d, 0x0a, 0x05, 0x05, 0x03, 0x02, 0x04, 0x01, 0x12, 0x04, 0xa8,
    0x02, 0x02, 0x29, 0x0a, 0x0c, 0x0a, 0x04, 0x05, 0x03, 0x02, 0x04, 0x12, 0x04, 0xa8, 0x02, 0x02,
    0x2e, 0x0a, 0x0d, 0x0a, 0x05, 0x05, 0x03, 0x02, 0x04, 0x02, 0x12, 0x04, 0xa8, 0x02, 0x2c, 0x2d,
    0x0a, 0x0d, 0x0a, 0x05, 0x05, 0x03, 0x02, 0x05, 0x01, 0x12, 0x04, 0xa9, 0x02, 0x02, 0x2c, 0x0a,
    0x0c, 0x0a, 0x04, 0x05, 0x03, 0x02, 0x05, 0x12, 0x04, 0xa9, 0x02, 0x02, 0x31, 0x0a, 0x0d, 0x0a,
    0x05, 0x05, 0x03, 0x02, 0x05, 0x02, 0x12, 0x04, 0xa9, 0x02, 0x2f, 0x30, 0x0a, 0xda, 0x01, 0x0a,
    0x02, 0x04, 0x11, 0x12, 0x06, 0xaf, 0x02, 0x00, 0xbe, 0x02, 0x01, 0x1a, 0xcb, 0x01, 0x20, 0x41,
    0x75, 0x74, 0x6f, 0x6d, 0x61, 0x74, 0x69, 0x6f, 0x6e, 0x54, 0x72, 0x69, 0x67, 0x67, 0x65, 0x72,
    0x65, 0x64, 0x45, 0x76, 0x65, 0x6e, 0x74, 0x20, 0x69, 0x73, 0x20, 0x6f, 0x6e, 0x65, 0x20, 0x28,
    0x61, 0x75, 0x74, 0x6f, 0x6d, 0x61, 0x74, 0x69, 0x6f, 0x6e, 0x5f, 0x74, 0x72, 0x69, 0x67, 0x67,
    0x65, 0x72, 0x2c, 0x20, 0x72, 0x75, 0x6e, 0x29, 0x20, 0x6d, 0x61, 0x74, 0x63, 0x68, 0x2e, 0x20,
    0x57, 0x68, 0x65, 0x6e, 0x0a, 0x20, 0x64, 0x69, 0x73, 0x70, 0x61, 0x74, 0x63, 0x68, 0x20, 0x73,
    0x75, 0x63, 0x63, 0x65, 0x65, 0x64, 0x73, 0x2c, 0x20, 0x60, 0x63, 0x61, 0x6e, 0x76, 0x61, 0x73,
    0x5f, 0x65, 0x78, 0x65, 0x63, 0x75, 0x74, 0x69, 0x6f, 0x6e, 0x5f, 0x69, 0x64, 0x60, 0x20, 0x70,
    0x6f, 0x69, 0x6e, 0x74, 0x73, 0x20, 0x61, 0x74, 0x20, 0x74, 0x68, 0x65, 0x20, 0x72, 0x65, 0x73,
    0x75, 0x6c, 0x74, 0x69, 0x6e, 0x67, 0x0a, 0x20, 0x63, 0x61, 0x6e, 0x76, 0x61, 0x73, 0x5f, 0x65,
    0x78, 0x65, 0x63, 0x75, 0x74, 0x69, 0x6f, 0x6e, 0x73, 0x20, 0x72, 0x6f, 0x77, 0x20, 0x28, 0x61,
    0x6e, 0x64, 0x20, 0x70, 0x75, 0x62, 0x6c, 0x69, 0x73, 0x68, 0x65, 0x64, 0x20, 0x72, 0x65, 0x70,
    0x6f, 0x72, 0x74, 0x2c, 0x20, 0x77, 0x68, 0x65, 0x6e, 0x20, 0x70, 0x75, 0x62, 0x6c, 0x69, 0x73,
    0x68, 0x3d, 0x74, 0x72, 0x75, 0x65, 0x29, 0x2e, 0x0a, 0x0a, 0x0b, 0x0a, 0x03, 0x04, 0x11, 0x01,
    0x12, 0x04, 0xaf, 0x02, 0x08, 0x20, 0x0a, 0x0d, 0x0a, 0x05, 0x04, 0x11, 0x02, 0x00, 0x05, 0x12,
    0x04, 0xb0, 0x02, 0x02, 0x08, 0x0a, 0x0c, 0x0a, 0x04, 0x04, 0x11, 0x02, 0x00, 0x12, 0x04, 0xb0,
    0x02, 0x02, 0x54, 0x0a, 0x0d, 0x0a, 0x05, 0x04, 0x11, 0x02, 0x00, 0x01, 0x12, 0x04, 0xb0, 0x02,
    0x09, 0x26, 0x0a, 0x0d, 0x0a, 0x05, 0x04, 0x11, 0x02, 0x00, 0x03, 0x12, 0x04, 0xb0, 0x02, 0x29,
    0x2a, 0x0a, 0x0d, 0x0a, 0x05, 0x04, 0x11, 0x02, 0x00, 0x08, 0x12, 0x04, 0xb0, 0x02, 0x2b, 0x53,
    0x0a, 0x10, 0x0a, 0x08, 0x04, 0x11, 0x02, 0x00, 0x08, 0x9c, 0x08, 0x00, 0x12, 0x04, 0xb0, 0x02,
    0x2c, 0x52, 0x0a, 0x0d, 0x0a, 0x05, 0x04, 0x11, 0x02, 0x01, 0x05, 0x12, 0x04, 0xb1, 0x02, 0x02,
    0x08, 0x0a, 0x0c, 0x0a, 0x04, 0x04, 0x11, 0x02, 0x01, 0x12, 0x04, 0xb1, 0x02, 0x02, 0x46, 0x0a,
    0x0d, 0x0a, 0x05, 0x04, 0x11, 0x02, 0x01, 0x01, 0x12, 0x04, 0xb1, 0x02, 0x09, 0x18, 0x0a, 0x0d,
    0x0a, 0x05, 0x04, 0x11, 0x02, 0x01, 0x03, 0x12, 0x04, 0xb1, 0x02, 0x1b, 0x1c, 0x0a, 0x0d, 0x0a,
    0x05, 0x04, 0x11, 0x02, 0x01, 0x08, 0x12, 0x04, 0xb1, 0x02, 0x1d, 0x45, 0x0a, 0x10, 0x0a, 0x08,
    0x04, 0x11, 0x02, 0x01, 0x08, 0x9c, 0x08, 0x00, 0x12, 0x04, 0xb1, 0x02, 0x1e, 0x44, 0x0a, 0x0d,
    0x0a, 0x05, 0x04, 0x11, 0x02, 0x02, 0x05, 0x12, 0x04, 0xb2, 0x02, 0x02, 0x08, 0x0a, 0x0c, 0x0a,
    0x04, 0x04, 0x11, 0x02, 0x02, 0x12, 0x04, 0xb2, 0x02, 0x02, 0x4c, 0x0a, 0x0d, 0x0a, 0x05, 0x04,
    0x11, 0x02, 0x02, 0x01, 0x12, 0x04, 0xb2, 0x02, 0x09, 0x1e, 0x0a, 0x0d, 0x0a, 0x05, 0x04, 0x11,
    0x02, 0x02, 0x03, 0x12, 0x04, 0xb2, 0x02, 0x21, 0x22, 0x0a, 0x0d, 0x0a, 0x05, 0x04, 0x11, 0x02,
    0x02, 0x08, 0x12, 0x04, 0xb2, 0x02, 0x23, 0x4b, 0x0a, 0x10, 0x0a, 0x08, 0x04, 0x11, 0x02, 0x02,
    0x08, 0x9c, 0x08, 0x00, 0x12, 0x04, 0xb2, 0x02, 0x24, 0x4a, 0x0a, 0x0d, 0x0a, 0x05, 0x04, 0x11,
    0x02, 0x03, 0x05, 0x12, 0x04, 0xb3, 0x02, 0x02, 0x08, 0x0a, 0x0c, 0x0a, 0x04, 0x04, 0x11, 0x02,
    0x03, 0x12, 0x04, 0xb3, 0x02, 0x02, 0x3d, 0x0a, 0x0d, 0x0a, 0x05, 0x04, 0x11, 0x02, 0x03, 0x01,
    0x12, 0x04, 0xb3, 0x02, 0x09, 0x0f, 0x0a, 0x0d, 0x0a, 0x05, 0x04, 0x11, 0x02, 0x03, 0x03, 0x12,
    0x04, 0xb3, 0x02, 0x12, 0x13, 0x0a, 0x0d, 0x0a, 0x05, 0x04, 0x11, 0x02, 0x03, 0x08, 0x12, 0x04,
    0xb3, 0x02, 0x14, 0x3c, 0x0a, 0x10, 0x0a, 0x08, 0x04, 0x11, 0x02, 0x03, 0x08, 0x9c, 0x08, 0x00,
    0x12, 0x04, 0xb3, 0x02, 0x15, 0x3b, 0x0a, 0x0d, 0x0a, 0x05, 0x04, 0x11, 0x02, 0x04, 0x06, 0x12,
    0x04, 0xb4, 0x02, 0x02, 0x1f, 0x0a, 0x0c, 0x0a, 0x04, 0x04, 0x11, 0x02, 0x04, 0x12, 0x04, 0xb4,
    0x02, 0x02, 0x53, 0x0a, 0x0d, 0x0a, 0x05, 0x04, 0x11, 0x02, 0x04, 0x01, 0x12, 0x04, 0xb4, 0x02,
    0x20, 0x25, 0x0a, 0x0d, 0x0a, 0x05, 0x04, 0x11, 0x02, 0x04, 0x03, 0x12, 0x04, 0xb4, 0x02, 0x28,
    0x29, 0x0a, 0x0d, 0x0a, 0x05, 0x04, 0x11, 0x02, 0x04, 0x08, 0x12, 0x04, 0xb4, 0x02, 0x2a, 0x52,
    0x0a, 0x10, 0x0a, 0x08, 0x04, 0x11, 0x02, 0x04, 0x08, 0x9c, 0x08, 0x00, 0x12, 0x04, 0xb4, 0x02,
    0x2b, 0x51, 0x0a, 0x0d, 0x0a, 0x05, 0x04, 0x11, 0x02, 0x05, 0x06, 0x12, 0x04, 0xb5, 0x02, 0x02,
    0x1b, 0x0a, 0x0c, 0x0a, 0x04, 0x04, 0x11, 0x02, 0x05, 0x12, 0x04, 0xb5, 0x02, 0x02, 0x58, 0x0a,
    0x0d, 0x0a, 0x05, 0x04, 0x11, 0x02, 0x05, 0x01, 0x12, 0x04, 0xb5, 0x02, 0x1c, 0x2a, 0x0a, 0x0d,
    0x0a, 0x05, 0x04, 0x11, 0x02, 0x05, 0x03, 0x12, 0x04, 0xb5, 0x02, 0x2d, 0x2e, 0x0a, 0x0d, 0x0a,
    0x05, 0x04, 0x11, 0x02, 0x05, 0x08, 0x12, 0x04, 0xb5, 0x02, 0x2f, 0x57, 0x0a, 0x10, 0x0a, 0x08,
    0x04, 0x11, 0x02, 0x05, 0x08, 0x9c, 0x08, 0x00, 0x12, 0x04, 0xb5, 0x02, 0x30, 0x56, 0x0a, 0x0d,
    0x0a, 0x05, 0x04, 0x11, 0x02, 0x06, 0x04, 0x12, 0x04, 0xb6, 0x02, 0x02, 0x0a, 0x0a, 0x0c, 0x0a,
    0x04, 0x04, 0x11, 0x02, 0x06, 0x12, 0x04, 0xb6, 0x02, 0x02, 0x53, 0x0a, 0x0d, 0x0a, 0x05, 0x04,
    0x11, 0x02, 0x06, 0x05, 0x12, 0x04, 0xb6, 0x02, 0x0b, 0x11, 0x0a, 0x0d, 0x0a, 0x05, 0x04, 0x11,
    0x02, 0x06, 0x01, 0x12, 0x04, 0xb6, 0x02, 0x12, 0x25, 0x0a, 0x0d, 0x0a, 0x05, 0x04, 0x11, 0x02,
    0x06, 0x03, 0x12, 0x04, 0xb6, 0x02, 0x28, 0x29, 0x0a, 0x0d, 0x0a, 0x05, 0x04, 0x11, 0x02, 0x06,
    0x08, 0x12, 0x04, 0xb6, 0x02, 0x2a, 0x52, 0x0a, 0x10, 0x0a, 0x08, 0x04, 0x11, 0x02, 0x06, 0x08,
    0x9c, 0x08, 0x00, 0x12, 0x04, 0xb6, 0x02, 0x2b, 0x51, 0x0a, 0x0d, 0x0a, 0x05, 0x04, 0x11, 0x02,
    0x07, 0x05, 0x12, 0x04, 0xb7, 0x02, 0x02, 0x07, 0x0a, 0x0c, 0x0a, 0x04, 0x04, 0x11, 0x02, 0x07,
    0x12, 0x04, 0xb7, 0x02, 0x02, 0x43, 0x0a, 0x0d, 0x0a, 0x05, 0x04, 0x11, 0x02, 0x07, 0x01, 0x12,
    0x04, 0xb7, 0x02, 0x08, 0x15, 0x0a, 0x0d, 0x0a, 0x05, 0x04, 0x11, 0x02, 0x07, 0x03, 0x12, 0x04,
    0xb7, 0x02, 0x18, 0x19, 0x0a, 0x0d, 0x0a, 0x05, 0x04, 0x11, 0x02, 0x07, 0x08, 0x12, 0x04, 0xb7,
    0x02, 0x1a, 0x42, 0x0a, 0x10, 0x0a, 0x08, 0x04, 0x11, 0x02, 0x07, 0x08, 0x9c, 0x08, 0x00, 0x12,
    0x04, 0xb7, 0x02, 0x1b, 0x41, 0x0a, 0x0d, 0x0a, 0x05, 0x04, 0x11, 0x02, 0x08, 0x04, 0x12, 0x04,
    0xb8, 0x02, 0x02, 0x0a, 0x0a, 0x0c, 0x0a, 0x04, 0x04, 0x11, 0x02, 0x08, 0x12, 0x04, 0xb8, 0x02,
    0x02, 0x4a, 0x0a, 0x0d, 0x0a, 0x05, 0x04, 0x11, 0x02, 0x08, 0x05, 0x12, 0x04, 0xb8, 0x02, 0x0b,
    0x11, 0x0a, 0x0d, 0x0a, 0x05, 0x04, 0x11, 0x02, 0x08, 0x01, 0x12, 0x04, 0xb8, 0x02, 0x12, 0x1c,
    0x0a, 0x0d, 0x0a, 0x05, 0x04, 0x11, 0x02, 0x08, 0x03, 0x12, 0x04, 0xb8, 0x02, 0x1f, 0x20, 0x0a,
    0x0d, 0x0a, 0x05, 0x04, 0x11, 0x02, 0x08, 0x08, 0x12, 0x04, 0xb8, 0x02, 0x21, 0x49, 0x0a, 0x10,
    0x0a, 0x08, 0x04, 0x11, 0x02, 0x08, 0x08, 0x9c, 0x08, 0x00, 0x12, 0x04, 0xb8, 0x02, 0x22, 0x48,
    0x0a, 0x0d, 0x0a, 0x05, 0x04, 0x11, 0x02, 0x09, 0x04, 0x12, 0x04, 0xb9, 0x02, 0x02, 0x0a, 0x0a,
    0x0c, 0x0a, 0x04, 0x04, 0x11, 0x02, 0x09, 0x12, 0x04, 0xb9, 0x02, 0x02, 0x61, 0x0a, 0x0d, 0x0a,
    0x05, 0x04, 0x11, 0x02, 0x09, 0x06, 0x12, 0x04, 0xb9, 0x02, 0x0b, 0x24, 0x0a, 0x0d, 0x0a, 0x05,
    0x04, 0x11, 0x02, 0x09, 0x01, 0x12, 0x04, 0xb9, 0x02, 0x25, 0x32, 0x0a, 0x0d, 0x0a, 0x05, 0x04,
    0x11, 0x02, 0x09, 0x03, 0x12, 0x04, 0xb9, 0x02, 0x35, 0x37, 0x0a, 0x0d, 0x0a, 0x05, 0x04, 0x11,
    0x02, 0x09, 0x08, 0x12, 0x04, 0xb9, 0x02, 0x38, 0x60, 0x0a, 0x10, 0x0a, 0x08, 0x04, 0x11, 0x02,
    0x09, 0x08, 0x9c, 0x08, 0x00, 0x12, 0x04, 0xb9, 0x02, 0x39, 0x5f, 0x0a, 0x0d, 0x0a, 0x05, 0x04,
    0x11, 0x02, 0x0a, 0x06, 0x12, 0x04, 0xba, 0x02, 0x02, 0x1b, 0x0a, 0x0c, 0x0a, 0x04, 0x04, 0x11,
    0x02, 0x0a, 0x12, 0x04, 0xba, 0x02, 0x02, 0x57, 0x0a, 0x0d, 0x0a, 0x05, 0x04, 0x11, 0x02, 0x0a,
    0x01, 0x12, 0x04, 0xba, 0x02, 0x1c, 0x28, 0x0a, 0x0d, 0x0a, 0x05, 0x04, 0x11, 0x02, 0x0a, 0x03,
    0x12, 0x04, 0xba, 0x02, 0x2b, 0x2d, 0x0a, 0x0d, 0x0a, 0x05, 0x04, 0x11, 0x02, 0x0a, 0x08, 0x12,
    0x04, 0xba, 0x02, 0x2e, 0x56, 0x0a, 0x10, 0x0a, 0x08, 0x04, 0x11, 0x02, 0x0a, 0x08, 0x9c, 0x08,
    0x00, 0x12, 0x04, 0xba, 0x02, 0x2f, 0x55, 0x0a, 0x0d, 0x0a, 0x05, 0x04, 0x11, 0x02, 0x0b, 0x06,
    0x12, 0x04, 0xbb, 0x02, 0x02, 0x1b, 0x0a, 0x0c, 0x0a, 0x04, 0x04, 0x11, 0x02, 0x0b, 0x12, 0x04,
    0xbb, 0x02, 0x02, 0x58, 0x0a, 0x0d, 0x0a, 0x05, 0x04, 0x11, 0x02, 0x0b, 0x01, 0x12, 0x04, 0xbb,
    0x02, 0x1c, 0x29, 0x0a, 0x0d, 0x0a, 0x05, 0x04, 0x11, 0x02, 0x0b, 0x03, 0x12, 0x04, 0xbb, 0x02,
    0x2c, 0x2e, 0x0a, 0x0d, 0x0a, 0x05, 0x04, 0x11, 0x02, 0x0b, 0x08, 0x12, 0x04, 0xbb, 0x02, 0x2f,
    0x57, 0x0a, 0x10, 0x0a, 0x08, 0x04, 0x11, 0x02, 0x0b, 0x08, 0x9c, 0x08, 0x00, 0x12, 0x04, 0xbb,
    0x02, 0x30, 0x56, 0x0a, 0x0d, 0x0a, 0x05, 0x04, 0x11, 0x02, 0x0c, 0x05, 0x12, 0x04, 0xbc, 0x02,
    0x02, 0x08, 0x0a, 0x0c, 0x0a, 0x04, 0x04, 0x11, 0x02, 0x0c, 0x12, 0x04, 0xbc, 0x02, 0x02, 0x4a,
    0x0a, 0x0d, 0x0a, 0x05, 0x04, 0x11, 0x02, 0x0c, 0x01, 0x12, 0x04, 0xbc, 0x02, 0x09, 0x1b, 0x0a,
    0x0d, 0x0a, 0x05, 0x04, 0x11, 0x02, 0x0c, 0x03, 0x12, 0x04, 0xbc, 0x02, 0x1e, 0x20, 0x0a, 0x0d,
    0x0a, 0x05, 0x04, 0x11, 0x02, 0x0c, 0x08, 0x12, 0x04, 0xbc, 0x02, 0x21, 0x49, 0x0a, 0x10, 0x0a,
    0x08, 0x04, 0x11, 0x02, 0x0c, 0x08, 0x9c, 0x08, 0x00, 0x12, 0x04, 0xbc, 0x02, 0x22, 0x48, 0x0a,
    0x0d, 0x0a, 0x05, 0x04, 0x11, 0x02, 0x0d, 0x05, 0x12, 0x04, 0xbd, 0x02, 0x02, 0x08, 0x0a, 0x0c,
    0x0a, 0x04, 0x04, 0x11, 0x02, 0x0d, 0x12, 0x04, 0xbd, 0x02, 0x02, 0x4b, 0x0a, 0x0d, 0x0a, 0x05,
    0x04, 0x11, 0x02, 0x0d, 0x01, 0x12, 0x04, 0xbd, 0x02, 0x09, 0x1c, 0x0a, 0x0d, 0x0a, 0x05, 0x04,
    0x11, 0x02, 0x0d, 0x03, 0x12, 0x04, 0xbd, 0x02, 0x1f, 0x21, 0x0a, 0x0d, 0x0a, 0x05, 0x04, 0x11,
    0x02, 0x0d, 0x08, 0x12, 0x04, 0xbd, 0x02, 0x22, 0x4a, 0x0a, 0x10, 0x0a, 0x08, 0x04, 0x11, 0x02,
    0x0d, 0x08, 0x9c, 0x08, 0x00, 0x12, 0x04, 0xbd, 0x02, 0x23, 0x49, 0x0a, 0x5c, 0x0a, 0x02, 0x04,
    0x12, 0x12, 0x06, 0xc1, 0x02, 0x00, 0xcc, 0x02, 0x01, 0x1a, 0x4e, 0x20, 0x54, 0x68, 0x65, 0x20,
    0x72, 0x65, 0x71, 0x75, 0x65, 0x73, 0x74, 0x20, 0x66, 0x6f, 0x72, 0x20, 0x61, 0x20, 0x63, 0x61,
    0x6c, 0x6c, 0x20, 0x74, 0x6f, 0x20, 0x60, 0x41, 0x75, 0x74, 0x6f, 0x6d, 0x61, 0x74, 0x69, 0x6f,
    0x6e, 0x53, 0x65, 0x72, 0x76, 0x69, 0x63, 0x65, 0x5f, 0x4c, 0x69, 0x73, 0x74, 0x41, 0x75, 0x74,
    0x6f, 0x6d, 0x61, 0x74, 0x69, 0x6f, 0x6e, 0x54, 0x72, 0x69, 0x67, 0x67, 0x65, 0x72, 0x65, 0x64,
    0x45, 0x76, 0x65, 0x6e, 0x74, 0x73, 0x60, 0x2e, 0x0a, 0x0a, 0x0b, 0x0a, 0x03, 0x04, 0x12, 0x01,
    0x12, 0x04, 0xc1, 0x02, 0x08, 0x2c, 0x0a, 0x0d, 0x0a, 0x05, 0x04, 0x12, 0x02, 0x00, 0x05, 0x12,
    0x04, 0xc2, 0x02, 0x02, 0x08, 0x0a, 0x0c, 0x0a, 0x04, 0x04, 0x12, 0x02, 0x00, 0x12, 0x04, 0xc2,
    0x02, 0x02, 0x40, 0x0a, 0x0d, 0x0a, 0x05, 0x04, 0x12, 0x02, 0x00, 0x01, 0x12, 0x04, 0xc2, 0x02,
    0x09, 0x12, 0x0a, 0x0d, 0x0a, 0x05, 0x04, 0x12, 0x02, 0x00, 0x03, 0x12, 0x04, 0xc2, 0x02, 0x15,
    0x16, 0x0a, 0x0d, 0x0a, 0x05, 0x04, 0x12, 0x02, 0x00, 0x08, 0x12, 0x04, 0xc2, 0x02, 0x17, 0x3f,
    0x0a, 0x10, 0x0a, 0x08, 0x04, 0x12, 0x02, 0x00, 0x08, 0x9c, 0x08, 0x00, 0x12, 0x04, 0xc2, 0x02,
    0x18, 0x3e, 0x0a, 0x0d, 0x0a, 0x05, 0x04, 0x12, 0x02, 0x01, 0x05, 0x12, 0x04, 0xc3, 0x02, 0x02,
    0x08, 0x0a, 0x0c, 0x0a, 0x04, 0x04, 0x12, 0x02, 0x01, 0x12, 0x04, 0xc3, 0x02, 0x02, 0x41, 0x0a,
    0x0d, 0x0a, 0x05, 0x04, 0x12, 0x02, 0x01, 0x01, 0x12, 0x04, 0xc3, 0x02, 0x09, 0x13, 0x0a, 0x0d,
    0x0a, 0x05, 0x04, 0x12, 0x02, 0x01, 0x03, 0x12, 0x04, 0xc3, 0x02, 0x16, 0x17, 0x0a, 0x0d, 0x0a,
    0x05, 0x04, 0x12, 0x02, 0x01, 0x08, 0x12, 0x04, 0xc3, 0x02, 0x18, 0x40, 0x0a, 0x10, 0x0a, 0x08,
    0x04, 0x12, 0x02, 0x01, 0x08, 0x9c, 0x08, 0x00, 0x12, 0x04, 0xc3, 0x02, 0x19, 0x3f, 0x0a, 0x0d,
    0x0a, 0x05, 0x04, 0x12, 0x02, 0x02, 0x05, 0x12, 0x04, 0xc7, 0x02, 0x02, 0x08, 0x0a, 0x7b, 0x0a,
    0x04, 0x04, 0x12, 0x02, 0x02, 0x12, 0x04, 0xc7, 0x02, 0x02, 0x3d, 0x1a, 0x6d, 0x20, 0x43, 0x45,
    0x4c, 0x20, 0x66, 0x69, 0x6c, 0x74, 0x65, 0x72, 0x2e, 0x20, 0x41, 0x76, 0x61, 0x69, 0x6c, 0x61,
    0x62, 0x6c, 0x65, 0x20, 0x66, 0x69, 0x65, 0x6c, 0x64, 0x73, 0x3a, 0x20, 0x60, 0x61, 0x75, 0x74,
    0x6f, 0x6d, 0x61, 0x74, 0x69, 0x6f, 0x6e, 0x5f, 0x74, 0x72, 0x69, 0x67, 0x67, 0x65, 0x72, 0x65,
    0x64, 0x5f, 0x65, 0x76, 0x65, 0x6e, 0x74, 0x5f, 0x69, 0x64, 0x60, 0x2c, 0x0a, 0x20, 0x60, 0x61,
    0x75, 0x74, 0x6f, 0x6d, 0x61, 0x74, 0x69, 0x6f, 0x6e, 0x5f, 0x74, 0x72, 0x69, 0x67, 0x67, 0x65,
    0x72, 0x5f, 0x69, 0x64, 0x60, 0x2c, 0x20, 0x60, 0x72, 0x75, 0x6e, 0x5f, 0x69, 0x64, 0x60, 0x2c,
    0x20, 0x60, 0x73, 0x74, 0x61, 0x74, 0x65, 0x60, 0x2e, 0x0a, 0x0a, 0x0d, 0x0a, 0x05, 0x04, 0x12,
    0x02, 0x02, 0x01, 0x12, 0x04, 0xc7, 0x02, 0x09, 0x0f, 0x0a, 0x0d, 0x0a, 0x05, 0x04, 0x12, 0x02,
    0x02, 0x03, 0x12, 0x04, 0xc7, 0x02, 0x12, 0x13, 0x0a, 0x0d, 0x0a, 0x05, 0x04, 0x12, 0x02, 0x02,
    0x08, 0x12, 0x04, 0xc7, 0x02, 0x14, 0x3c, 0x0a, 0x10, 0x0a, 0x08, 0x04, 0x12, 0x02, 0x02, 0x08,
    0x9c, 0x08, 0x00, 0x12, 0x04, 0xc7, 0x02, 0x15, 0x3b, 0x0a, 0x0d, 0x0a, 0x05, 0x04, 0x12, 0x02,
    0x03, 0x05, 0x12, 0x04, 0xcb, 0x02, 0x02, 0x08, 0x0a, 0x6c, 0x0a, 0x04, 0x04, 0x12, 0x02, 0x03,
    0x12, 0x04, 0xcb, 0x02, 0x02, 0x3f, 0x1a, 0x5e, 0x20, 0x4f, 0x72, 0x64, 0x65, 0x72, 0x2d, 0x62,
    0x79, 0x2e, 0x20, 0x41, 0x76, 0x61, 0x69, 0x6c, 0x61, 0x62, 0x6c, 0x65, 0x20, 0x66, 0x69, 0x65,
    0x6c, 0x64, 0x73, 0x3a, 0x20, 0x60, 0x63, 0x72, 0x65, 0x61, 0x74, 0x65, 0x64, 0x5f, 0x64, 0x61,
    0x74, 0x65, 0x60, 0x2c, 0x20, 0x60, 0x64, 0x69, 0x73, 0x70, 0x61, 0x74, 0x63, 0x68, 0x5f, 0x61,
    0x66, 0x74, 0x65, 0x72, 0x60, 0x2e, 0x0a, 0x20, 0x44, 0x65, 0x66, 0x61, 0x75, 0x6c, 0x74, 0x3a,
    0x20, 0x60, 0x63, 0x72, 0x65, 0x61, 0x74, 0x65, 0x64, 0x5f, 0x64, 0x61, 0x74, 0x65, 0x20, 0x64,
    0x65, 0x73, 0x63, 0x60, 0x2e, 0x0a, 0x0a, 0x0d, 0x0a, 0x05, 0x04, 0x12, 0x02, 0x03, 0x01, 0x12,
    0x04, 0xcb, 0x02, 0x09, 0x11, 0x0a, 0x0d, 0x0a, 0x05, 0x04, 0x12, 0x02, 0x03, 0x03, 0x12, 0x04,
    0xcb, 0x02, 0x14, 0x15, 0x0a, 0x0d, 0x0a, 0x05, 0x04, 0x12, 0x02, 0x03, 0x08, 0x12, 0x04, 0xcb,
    0x02, 0x16, 0x3e, 0x0a, 0x10, 0x0a, 0x08, 0x04, 0x12, 0x02, 0x03, 0x08, 0x9c, 0x08, 0x00, 0x12,
    0x04, 0xcb, 0x02, 0x17, 0x3d, 0x0a, 0x5c, 0x0a, 0x02, 0x04, 0x13, 0x12, 0x06, 0xcf, 0x02, 0x00,
    0xd2, 0x02, 0x01, 0x1a, 0x4e, 0x20, 0x54, 0x68, 0x65, 0x20, 0x72, 0x65, 0x73, 0x70, 0x6f, 0x6e,
    0x73, 0x65, 0x20, 0x6f, 0x66, 0x20, 0x61, 0x20, 0x63, 0x61, 0x6c, 0x6c, 0x20, 0x74, 0x6f, 0x20,
    0x60, 0x41, 0x75, 0x74, 0x6f, 0x6d, 0x61, 0x74, 0x69, 0x6f, 0x6e, 0x53, 0x65, 0x72, 0x76, 0x69,
    0x63, 0x65, 0x5f, 0x4c, 0x69, 0x73, 0x74, 0x41, 0x75, 0x74, 0x6f, 0x6d, 0x61, 0x74, 0x69, 0x6f,
    0x6e, 0x54, 0x72, 0x69, 0x67, 0x67, 0x65, 0x72, 0x65, 0x64, 0x45, 0x76, 0x65, 0x6e, 0x74, 0x73,
    0x60, 0x2e, 0x0a, 0x0a, 0x0b, 0x0a, 0x03, 0x04, 0x13, 0x01, 0x12, 0x04, 0xcf, 0x02, 0x08, 0x2d,
    0x0a, 0x0d, 0x0a, 0x05, 0x04, 0x13, 0x02, 0x00, 0x04, 0x12, 0x04, 0xd0, 0x02, 0x02, 0x0a, 0x0a,
    0x0c, 0x0a, 0x04, 0x04, 0x13, 0x02, 0x00, 0x12, 0x04, 0xd0, 0x02, 0x02, 0x6d, 0x0a, 0x0d, 0x0a,
    0x05, 0x04, 0x13, 0x02, 0x00, 0x06, 0x12, 0x04, 0xd0, 0x02, 0x0b, 0x23, 0x0a, 0x0d, 0x0a, 0x05,
    0x04, 0x13, 0x02, 0x00, 0x01, 0x12, 0x04, 0xd0, 0x02, 0x24, 0x3f, 0x0a, 0x0d, 0x0a, 0x05, 0x04,
    0x13, 0x02, 0x00, 0x03, 0x12, 0x04, 0xd0, 0x02, 0x42, 0x43, 0x0a, 0x0d, 0x0a, 0x05, 0x04, 0x13,
    0x02, 0x00, 0x08, 0x12, 0x04, 0xd0, 0x02, 0x44, 0x6c, 0x0a, 0x10, 0x0a, 0x08, 0x04, 0x13, 0x02,
    0x00, 0x08, 0x9c, 0x08, 0x00, 0x12, 0x04, 0xd0, 0x02, 0x45, 0x6b, 0x0a, 0x0d, 0x0a, 0x05, 0x04,
    0x13, 0x02, 0x01, 0x05, 0x12, 0x04, 0xd1, 0x02, 0x02, 0x08, 0x0a, 0x0c, 0x0a, 0x04, 0x04, 0x13,
    0x02, 0x01, 0x12, 0x04, 0xd1, 0x02, 0x02, 0x46, 0x0a, 0x0d, 0x0a, 0x05, 0x04, 0x13, 0x02, 0x01,
    0x01, 0x12, 0x04, 0xd1, 0x02, 0x09, 0x18, 0x0a, 0x0d, 0x0a, 0x05, 0x04, 0x13, 0x02, 0x01, 0x03,
    0x12, 0x04, 0xd1, 0x02, 0x1b, 0x1c, 0x0a, 0x0d, 0x0a, 0x05, 0x04, 0x13, 0x02, 0x01, 0x08, 0x12,
    0x04, 0xd1, 0x02, 0x1d, 0x45, 0x0a, 0x10, 0x0a, 0x08, 0x04, 0x13, 0x02, 0x01, 0x08, 0x9c, 0x08,
    0x00, 0x12, 0x04, 0xd1, 0x02, 0x1e, 0x44, 0x62, 0x06, 0x70, 0x72, 0x6f, 0x74, 0x6f, 0x33,
];
include!("sift.automation.v1.tonic.rs");
include!("sift.automation.v1.serde.rs");
// @@protoc_insertion_point(module)
